-- phpMyAdmin SQL Dump
-- version 4.9.0.1
-- https://www.phpmyadmin.net/
--
-- Host: 127.0.0.1
-- Waktu pembuatan: 03 Nov 2020 pada 22.09
-- Versi server: 10.3.16-MariaDB
-- Versi PHP: 7.2.20

SET SQL_MODE = "NO_AUTO_VALUE_ON_ZERO";
SET AUTOCOMMIT = 0;
START TRANSACTION;
SET time_zone = "+00:00";


/*!40101 SET @OLD_CHARACTER_SET_CLIENT=@@CHARACTER_SET_CLIENT */;
/*!40101 SET @OLD_CHARACTER_SET_RESULTS=@@CHARACTER_SET_RESULTS */;
/*!40101 SET @OLD_COLLATION_CONNECTION=@@COLLATION_CONNECTION */;
/*!40101 SET NAMES utf8mb4 */;

--
-- Database: `app_khs`
--

-- --------------------------------------------------------

--
-- Struktur dari tabel `absen`
--

CREATE TABLE `absen` (
  `id` int(11) NOT NULL,
  `nim` varchar(20) NOT NULL,
  `semester` varchar(20) NOT NULL,
  `takademik` year(4) NOT NULL,
  `sakit` int(10) NOT NULL,
  `ijin` int(10) NOT NULL,
  `alpa` int(10) NOT NULL
) ENGINE=InnoDB DEFAULT CHARSET=latin1;

--
-- Dumping data untuk tabel `absen`
--

INSERT INTO `absen` (`id`, `nim`, `semester`, `takademik`, `sakit`, `ijin`, `alpa`) VALUES
(3, '1623734335', 'I', 2016, 6, 0, 25),
(4, '1623734335', 'II', 2016, 9, 9, 10),
(5, '1623734335', 'III', 2017, 23, 12, 43),
(6, '1623734335', 'IV', 2017, 0, 5, 12),
(7, '1623734335', 'V', 2018, 5, 12, 23),
(8, '1623734335', 'VI', 2018, 34, 2, 12),
(46, '1723734826', 'I', 2017, 0, 0, 46),
(47, '1723734827', 'I', 2017, 0, 0, 5),
(48, '1723734828', 'I', 2017, 0, 0, 5),
(49, '1723734829', 'I', 2017, 0, 5, 0),
(50, '1723734830', 'I', 2017, 5, 0, 7),
(51, '1723734831', 'I', 2017, 0, 0, 50),
(52, '1723734832', 'I', 2017, 0, 0, 12),
(53, '1723734833', 'I', 2017, 5, 0, 2),
(54, '1723734834', 'I', 2017, 9, 0, 2),
(55, '1723734835', 'I', 2017, 0, 0, 0),
(56, '1723734836', 'I', 2017, 0, 7, 148),
(57, '1723734837', 'I', 2017, 0, 2, 18),
(58, '1723734838', 'I', 2017, 4, 0, 51),
(59, '1723734839', 'I', 2017, 25, 2, 31),
(60, '1723734840', 'I', 2017, 9, 0, 0),
(61, '1723734841', 'I', 2017, 2, 0, 5),
(62, '1723734842', 'I', 2017, 11, 0, 0),
(63, '1723734843', 'I', 2017, 2, 0, 0),
(64, '1723734844', 'I', 2017, 0, 0, 5),
(65, '1723734845', 'I', 2017, 0, 2, 5),
(66, '1723734846', 'I', 2017, 0, 0, 5),
(67, '1723734847', 'I', 2017, 0, 5, 0),
(68, '1723734848', 'I', 2017, 0, 0, 0),
(69, '1723734849', 'I', 2017, 0, 0, 0),
(70, '1723734850', 'I', 2017, 7, 0, 21),
(71, '1723734851', 'I', 2017, 7, 9, 12),
(72, '1723734852', 'I', 2017, 0, 9, 5),
(73, '1723734853', 'I', 2017, 0, 4, 0),
(74, '1723734854', 'I', 2017, 0, 0, 7),
(75, '1723734855', 'I', 2017, 16, 0, 0),
(103, '1723734826', 'II', 2017, 0, 0, 62),
(104, '1723734827', 'II', 2017, 0, 0, 0),
(105, '1723734828', 'II', 2017, 0, 16, 16),
(106, '1723734829', 'II', 2017, 5, 5, 23),
(107, '1723734830', 'II', 2017, 0, 0, 5),
(108, '1723734832', 'II', 2017, 0, 5, 25),
(109, '1723734833', 'II', 2017, 5, 0, 10),
(110, '1723734834', 'II', 2017, 0, 10, 5),
(111, '1723734835', 'II', 2017, 5, 5, 35),
(112, '1723734837', 'II', 2017, 5, 10, 20),
(113, '1723734839', 'II', 2017, 38, 11, 43),
(114, '1723734840', 'II', 2017, 5, 13, 36),
(115, '1723734841', 'II', 2017, 0, 6, 10),
(116, '1723734842', 'II', 2017, 67, 21, 30),
(117, '1723734843', 'II', 2017, 5, 0, 5),
(118, '1723734844', 'II', 2017, 0, 0, 15),
(119, '1723734845', 'II', 2017, 0, 18, 25),
(120, '1723734846', 'II', 2017, 0, 0, 15),
(121, '1723734847', 'II', 2017, 0, 5, 16),
(122, '1723734848', 'II', 2017, 0, 3, 5),
(123, '1723734849', 'II', 2017, 0, 6, 5),
(124, '1723734850', 'II', 2017, 0, 3, 57),
(125, '1723734851', 'II', 2017, 5, 5, 38),
(126, '1723734852', 'II', 2017, 0, 5, 10),
(127, '1723734853', 'II', 2017, 0, 5, 0),
(128, '1723734854', 'II', 2017, 0, 0, 43),
(129, '1723734855', 'II', 2017, 0, 0, 5),
(130, '1723734826', 'III', 2018, 0, 0, 102),
(131, '1723734827', 'III', 2018, 0, 0, 0),
(132, '1723734828', 'III', 2018, 0, 11, 0),
(133, '1723734829', 'III', 2018, 5, 0, 31),
(134, '1723734830', 'III', 2018, 0, 15, 41),
(135, '1723734832', 'III', 2018, 0, 0, 118),
(136, '1723734833', 'III', 2018, 0, 0, 5),
(137, '1723734834', 'III', 2018, 0, 0, 15),
(138, '1723734835', 'III', 2018, 0, 0, 25),
(139, '1723734837', 'III', 2018, 11, 0, 21),
(140, '1723734839', 'III', 2018, 0, 5, 10),
(141, '1723734840', 'III', 2018, 0, 5, 88),
(142, '1723734841', 'III', 2018, 0, 5, 5),
(143, '1723734843', 'III', 2018, 0, 5, 0),
(144, '1723734844', 'III', 2018, 0, 0, 26),
(145, '1723734845', 'III', 2018, 16, 5, 87),
(146, '1723734846', 'III', 2018, 0, 0, 11),
(147, '1723734847', 'III', 2018, 5, 0, 6),
(148, '1723734848', 'III', 2018, 0, 0, 20),
(149, '1723734849', 'III', 2018, 0, 0, 15),
(150, '1723734850', 'III', 2018, 46, 0, 87),
(151, '1723734851', 'III', 2018, 10, 0, 40),
(152, '1723734852', 'III', 2018, 5, 25, 31),
(153, '1723734853', 'III', 2018, 0, 0, 5),
(154, '1723734854', 'III', 2018, 0, 0, 62),
(155, '1723734855', 'III', 2018, 5, 0, 11),
(156, '1723734826', 'IV', 2018, 0, 6, 175),
(157, '1723734827', 'IV', 2018, 0, 0, 0),
(158, '1723734828', 'IV', 2018, 5, 22, 15),
(159, '1723734829', 'IV', 2018, 10, 0, 87),
(160, '1723734832', 'IV', 2018, 25, 5, 136),
(161, '1723734833', 'IV', 2018, 0, 0, 20),
(162, '1723734834', 'IV', 2018, 0, 0, 20),
(163, '1723734835', 'IV', 2018, 5, 0, 65),
(164, '1723734837', 'IV', 2018, 5, 0, 46),
(165, '1723734839', 'IV', 2018, 27, 41, 60),
(166, '1723734840', 'IV', 2018, 0, 0, 104),
(167, '1723734841', 'IV', 2018, 7, 0, 10),
(168, '1723734843', 'IV', 2018, 0, 0, 7),
(169, '1723734844', 'IV', 2018, 10, 15, 56),
(170, '1723734845', 'IV', 2018, 0, 0, 73),
(171, '1723734846', 'IV', 2018, 11, 0, 0),
(172, '1723734847', 'IV', 2018, 0, 0, 10),
(173, '1723734848', 'IV', 2018, 0, 0, 30),
(174, '1723734849', 'IV', 2018, 0, 0, 90),
(175, '1723734850', 'IV', 2018, 0, 5, 113),
(176, '1723734851', 'IV', 2018, 0, 20, 121),
(177, '1723734852', 'IV', 2018, 10, 31, 35),
(178, '1723734853', 'IV', 2018, 0, 0, 27),
(179, '1723734854', 'IV', 2018, 42, 0, 98),
(180, '1723734855', 'IV', 2018, 5, 5, 15),
(181, '1723734827', 'V', 2019, 6, 0, 0),
(182, '1723734828', 'V', 2019, 20, 9, 6),
(183, '1723734829', 'V', 2019, 6, 0, 71),
(184, '1723734833', 'V', 2019, 0, 3, 17),
(185, '1723734834', 'V', 2019, 11, 3, 22),
(186, '1723734835', 'V', 2019, 0, 3, 57),
(187, '1723734837', 'V', 2019, 0, 11, 29),
(188, '1723734839', 'V', 2019, 6, 11, 36),
(189, '1723734841', 'V', 2019, 0, 30, 0),
(190, '1723734843', 'V', 2019, 0, 0, 10),
(191, '1723734844', 'V', 2019, 0, 5, 26),
(192, '1723734845', 'V', 2019, 12, 8, 67),
(193, '1723734846', 'V', 2019, 0, 0, 22),
(194, '1723734847', 'V', 2019, 0, 0, 19),
(195, '1723734848', 'V', 2019, 21, 0, 14),
(196, '1723734849', 'V', 2019, 0, 0, 14),
(197, '1723734852', 'V', 2019, 3, 40, 59),
(198, '1723734853', 'V', 2019, 0, 5, 26),
(199, '1723734855', 'V', 2019, 0, 25, 15);

-- --------------------------------------------------------

--
-- Struktur dari tabel `cuti`
--

CREATE TABLE `cuti` (
  `nim` varchar(10) NOT NULL,
  `tahun` varchar(4) NOT NULL
) ENGINE=InnoDB DEFAULT CHARSET=latin1;

--
-- Dumping data untuk tabel `cuti`
--

INSERT INTO `cuti` (`nim`, `tahun`) VALUES
('1623734335', '2019');

-- --------------------------------------------------------

--
-- Struktur dari tabel `dosen`
--

CREATE TABLE `dosen` (
  `nip` varchar(21) NOT NULL,
  `nama` varchar(50) NOT NULL,
  `no_hp` varchar(15) NOT NULL,
  `password` varchar(50) NOT NULL DEFAULT '202cb962ac59075b964b07152d234b70',
  `foto` varchar(100) NOT NULL DEFAULT 'user.jpg'
) ENGINE=InnoDB DEFAULT CHARSET=latin1;

--
-- Dumping data untuk tabel `dosen`
--

INSERT INTO `dosen` (`nip`, `nama`, `no_hp`, `password`, `foto`) VALUES
('', '', '', '202cb962ac59075b964b07152d234b70', 'user.jpg'),
('19580601 199103 1 002', 'Ir. Arsono Subiantoko, MT', '', '202cb962ac59075b964b07152d234b70', 'user.jpg'),
('19591005 199103 1 001', 'Ambrosius A. Tino, ST., MT', '', '202cb962ac59075b964b07152d234b70', 'user.jpg'),
('19621211 199512 1 001', 'Mikael Namas, S.Si, M. Si', '', '202cb962ac59075b964b07152d234b70', 'user.jpg'),
('19630130 199303 1 001', 'Osias Liufeto', '', '202cb962ac59075b964b07152d234b70', 'user.jpg'),
('19630516 198903 1 001', 'Zilman Syarif, S.Pd., MT', '', '202cb962ac59075b964b07152d234b70', 'user.jpg'),
('19630928 199903 1 003', 'Rochani, SST, MT', '123', '202cb962ac59075b964b07152d234b70', 'user.jpg'),
('19631124 199003 1 002', 'Muchammad Ali, ST., MT', '', '202cb962ac59075b964b07152d234b70', 'user.jpg'),
('19641019 199103 1 003', 'Otnial A. Mone, SST., MM', '', '202cb962ac59075b964b07152d234b70', 'user.jpg'),
('19641112 199103 1 002', 'Yohanes Suban Peli, SST., M.Si', '', '202cb962ac59075b964b07152d234b70', 'user.jpg'),
('19650615 198901 1 001', 'Cornelis Lede', '', '202cb962ac59075b964b07152d234b70', 'user.jpg'),
('19650620 199103 1 001', 'Markus D. Letik, ST, MT', '', '202cb962ac59075b964b07152d234b70', 'user.jpg'),
('19651007 199003 1 002', 'Rusman Sinaga, ST, M.Si', '', '202cb962ac59075b964b07152d234b70', 'user.jpg'),
('19660223 199103 1 002', 'Yusak Mukkun, SST., MT', '', '202cb962ac59075b964b07152d234b70', 'user.jpg'),
('19670523 199512 1 001', 'Johanis W. D. Therik, ST, MT', '', '202cb962ac59075b964b07152d234b70', 'user.jpg'),
('19680201 200112 1 001', 'Alexander Luan', '', '202cb962ac59075b964b07152d234b70', 'user.jpg'),
('19681209 199702 1 001', 'Ir. Duma Pabiban, M.Kes', '123', '202cb962ac59075b964b07152d234b70', 'user.jpg'),
('19691001 199503 1 002', 'Daud Obed Bekak, ST., MT', '', '202cb962ac59075b964b07152d234b70', 'user.jpg'),
('19700103 199512 2 001', 'Maria D. Badjowawo, ST, MT', '', '202cb962ac59075b964b07152d234b70', 'user.jpg'),
('19700830 199403 1 001', 'Agustinus Lautita', '', '202cb962ac59075b964b07152d234b70', 'user.jpg'),
('19710711 200112 1 002', 'Frederik P. Noach, ST. M.Cs', '', 'caf1a3dfb505ffed0d024130f58c5cfa', 'user.jpg'),
('19711219 200003 1 001', 'Sulaiman, ST. M.Si', '', '202cb962ac59075b964b07152d234b70', 'user.jpg'),
('19720627 199702 1 001', 'Daniel Umbu Ndina', '', '202cb962ac59075b964b07152d234b70', 'user.jpg'),
('19731023 200312 2 001', 'Olivia de H. Basoeki, SS, M. Hum', '', '202cb962ac59075b964b07152d234b70', 'user.jpg'),
('19740310 199503 1 004', 'Puji Bangun, A.Md', '', '202cb962ac59075b964b07152d234b70', 'user.jpg'),
('19740508 200312 2 001', 'Diana Rachmawati, ST.MT', '', '202cb962ac59075b964b07152d234b70', 'user.jpg'),
('19750416 200501 1 002', 'Luce Bambang Manaha', '', '202cb962ac59075b964b07152d234b70', 'user.jpg'),
('19760206 200312 1 002', 'Folkes E. Laumal, ST., MT', '', '202cb962ac59075b964b07152d234b70', 'user.jpg'),
('19760707 199903 1 004', 'Agusto Vas, A.Md', '', '202cb962ac59075b964b07152d234b70', 'user.jpg'),
('19760830 200501 1 001', 'Nikson Fallo, ST., M.Eng', '08123456789', '202cb962ac59075b964b07152d234b70', 'user.jpg'),
('19770114 200112 1 001', 'Aries Seubelan', '', '202cb962ac59075b964b07152d234b70', 'user.jpg'),
('19770503 200112 1 002', 'Imanuel Chr. Mauko, ST. M.Eng', '', '202cb962ac59075b964b07152d234b70', 'user.jpg'),
('19770519 200212 1 002', 'Jemsrado Sine, ST.,M.Eng', '081234567890', '202cb962ac59075b964b07152d234b70', 'user.jpg'),
('19770810 200501 1 002', 'Robinson Wadu, ST.,MT', '094763620909', '5ef035d11d74713fcb36f2df26aa7c3d', 'user.jpg'),
('19771230 200212 1 002', 'Indra Panggalo, ST., MT', '', '202cb962ac59075b964b07152d234b70', 'user.jpg'),
('19780323 200604 2 002', 'Sumartini Dana, ST.,MT', '081234567890', '202cb962ac59075b964b07152d234b70', 'user.jpg'),
('19780614 200112 1 001', 'James Mauta, ST., MT', '', '202cb962ac59075b964b07152d234b70', 'user.jpg'),
('19781111 200604 1 003', 'Nongky Angsar, ST., M.Eng', '', '202cb962ac59075b964b07152d234b70', 'user.jpg'),
('19781128 200212 1 003', 'Julius A. Tanesab, ST. M. Eng', '', '202cb962ac59075b964b07152d234b70', 'user.jpg'),
('19790101 200801 2 040', 'Gloria Christiana Manulangga, ST, MMT', '', '202cb962ac59075b964b07152d234b70', 'user.jpg'),
('19790726 200501 1 002', 'David S. Koten, ST', '', '202cb962ac59075b964b07152d234b70', 'user.jpg'),
('19800613 200801 1 008', 'Yudi A.H.Berry, A.Md', '', '202cb962ac59075b964b07152d234b70', 'user.jpg'),
('19800628 200312 1 003', 'Deddy B.Lasfeto,ST. MT', '', '202cb962ac59075b964b07152d234b70', 'user.jpg'),
('19811123 200604 1 001', 'Nicodemus MS., S.Kom., M.Cs', '', '202cb962ac59075b964b07152d234b70', 'user.jpg'),
('19820101 200604 1 004', 'Marthen Dangu Elu Beily', '', '202cb962ac59075b964b07152d234b70', 'user.jpg'),
('19820316 200604 1 004', 'Daniel Bataona, S.Kom., M. Kom', '', '202cb962ac59075b964b07152d234b70', 'user.jpg'),
('19830105 200801 2 006', 'Petrisia W. Sudarmadji, S.Kom., M.Si', '', '202cb962ac59075b964b07152d234b70', 'user.jpg'),
('19830414 200801 2 007', 'Lita Alfiany Ndoloe, S. Kom., M.Kom', '', '202cb962ac59075b964b07152d234b70', 'user.jpg'),
('19850529 201212 1 004', 'Rocky Y. Dillak, ST., M.Cs', '', '202cb962ac59075b964b07152d234b70', 'user.jpg'),
('19850611 200913 1 005', 'Vian A.R.Tarully, A.Md', '', '202cb962ac59075b964b07152d234b70', 'user.jpg'),
('19860823 201404 2 001', 'Mona Malelak, ST', '', '202cb962ac59075b964b07152d234b70', 'user.jpg'),
('19861025 201012 2 004', 'Indah Octaviani Laleb, S.Kom', '', '202cb962ac59075b964b07152d234b70', 'user.jpg'),
('19871117 201404 1 002', 'Maurets N.Seran, A.Md', '', '202cb962ac59075b964b07152d234b70', 'user.jpg'),
('19900425 201404 2 001', 'Christa Bire, ST., MT', '08123456789', '202cb962ac59075b964b07152d234b70', 'user.jpg'),
('19900426 201404 2 001', 'Elkano Goro Leba', '', '202cb962ac59075b964b07152d234b70', 'user.jpg');

-- --------------------------------------------------------

--
-- Struktur dari tabel `elemenmk`
--

CREATE TABLE `elemenmk` (
  `nama` varchar(100) NOT NULL,
  `elemenmk` varchar(50) NOT NULL
) ENGINE=InnoDB DEFAULT CHARSET=latin1;

--
-- Dumping data untuk tabel `elemenmk`
--

INSERT INTO `elemenmk` (`nama`, `elemenmk`) VALUES
('Mata kuliah Berkehidupan Bermasyarakat', 'MBB'),
('Mata Kuliah Humaniora', 'MHR'),
('Matakuliah Keahlian Berkarya', 'MKB'),
('Matakuliah Keilmuan dan Keterampilan', 'MKK'),
('Mata kuliah Perilaku Berkarya', 'MPB'),
('Mata kuliah Pengembangan Kepribadian', 'MPK'),
('Mata Kuliah Sains Dasar', 'MSD'),
('Mata Kuliah Sains Keteknikan', 'MSK'),
('Mata Kuliah Sains Terapan', 'MST');

-- --------------------------------------------------------

--
-- Struktur dari tabel `khs`
--

CREATE TABLE `khs` (
  `id` int(11) NOT NULL,
  `nim` varchar(10) NOT NULL,
  `kodemk` varchar(20) NOT NULL,
  `khd` int(3) NOT NULL,
  `tg` decimal(10,1) NOT NULL,
  `uts` decimal(10,1) NOT NULL,
  `uas` decimal(10,1) NOT NULL,
  `am` decimal(6,2) NOT NULL,
  `semester` varchar(3) NOT NULL,
  `status` varchar(20) NOT NULL,
  `takademik` year(4) NOT NULL
) ENGINE=InnoDB DEFAULT CHARSET=latin1 COMMENT='{\r\n  "validation": {\r\n    "nim": "Phone",\r\n    "kodemk": "NotEmpty",\r\n    "am": "NotEmpty",\r\n    "n": "NotEmpty",\r\n    "nk": "NotEmpty"\r\n  },\r\n  "required": []\r\n}';

--
-- Dumping data untuk tabel `khs`
--

INSERT INTO `khs` (`id`, `nim`, `kodemk`, `khd`, `tg`, `uts`, `uas`, `am`, `semester`, `status`, `takademik`) VALUES
(72, '1623734335', 'MHR19043307', 0, '0.0', '0.0', '0.0', '86.00', 'I', '1', 2016),
(74, '1623734335', 'MHR19043306', 0, '0.0', '0.0', '0.0', '76.00', 'I', '1', 2016),
(76, '1623734335', 'MSD49043304', 0, '0.0', '0.0', '0.0', '75.78', 'IV', '1', 2017),
(77, '1623734335', 'MSK19043313', 0, '0.0', '0.0', '0.0', '80.00', 'I', '1', 2016),
(78, '1623734335', 'MSK19043315', 0, '0.0', '0.0', '0.0', '89.00', 'I', '1', 2016),
(80, '1623734335', 'MSD19043301', 0, '0.0', '0.0', '0.0', '78.00', 'I', '1', 2016),
(81, '1623734335', 'MSK29043314', 0, '0.0', '0.0', '0.0', '87.00', 'II', '1', 2016),
(83, '1623734335', 'MSK29043319', 0, '0.0', '0.0', '0.0', '80.00', 'II', '1', 2016),
(84, '1623734335', 'MSK39043321', 0, '0.0', '0.0', '0.0', '80.00', 'III', '1', 2017),
(85, '1623734335', 'MST49043336', 0, '0.0', '0.0', '0.0', '80.00', 'IV', '1', 2017),
(86, '1623734335', 'MST59043335', 0, '0.0', '0.0', '0.0', '76.00', 'V', '1', 2018),
(87, '1623734335', 'MSK49043322', 0, '0.0', '0.0', '0.0', '78.00', 'IV', '1', 2017),
(88, '1623734335', 'MST59043337', 0, '0.0', '0.0', '0.0', '77.00', 'V', '1', 2018),
(89, '1623734335', 'MSK49043323', 0, '0.0', '0.0', '0.0', '78.00', 'IV', '1', 2017),
(90, '1623734335', 'MST49043332', 0, '0.0', '0.0', '0.0', '75.00', 'IV', '1', 2017),
(91, '1623734335', 'MST53043333', 0, '0.0', '0.0', '0.0', '78.00', 'V', '1', 2018),
(92, '1623734335', 'MST49043330', 0, '0.0', '0.0', '0.0', '80.00', 'IV', '1', 2017),
(93, '1623734335', 'MSK29043318', 0, '0.0', '0.0', '0.0', '76.00', 'II', '1', 2016),
(94, '1623734335', 'MST39043328', 0, '0.0', '0.0', '0.0', '81.00', 'III', '1', 2017),
(95, '1623734335', 'MSK39043323', 0, '0.0', '0.0', '0.0', '75.00', 'III', '1', 2017),
(97, '1623734335', 'MSK49043327', 0, '0.0', '0.0', '0.0', '80.00', 'IV', '1', 2017),
(138, '1623734335', 'MST69043337', 0, '0.0', '0.0', '0.0', '85.00', 'VI', '1', 2018),
(141, '1623734335', 'MHR59043301', 0, '0.0', '0.0', '0.0', '76.00', 'V', '1', 2018),
(142, '1623734335', 'MHR19043308', 0, '0.0', '0.0', '0.0', '85.00', 'I', '1', 2016),
(143, '1623734335', 'MSD19043303', 0, '0.0', '0.0', '0.0', '82.00', 'I', '1', 2016),
(144, '1623734335', 'MSK19043312', 0, '0.0', '0.0', '0.0', '82.10', 'I', '1', 2016),
(145, '1623734335', 'MSD29043302', 0, '0.0', '0.0', '0.0', '78.00', 'II', '1', 2016),
(146, '1623734335', 'MSK29043316', 0, '0.0', '0.0', '0.0', '76.00', 'II', '1', 2016),
(147, '1623734335', 'MSK29043317', 0, '0.0', '0.0', '0.0', '84.00', 'II', '1', 2016),
(148, '1623734335', 'MST29043327', 0, '0.0', '0.0', '0.0', '78.00', 'II', '1', 2016),
(149, '1623734335', 'MSK39043332', 0, '0.0', '0.0', '0.0', '80.00', 'III', '1', 2017),
(150, '1623734335', 'MSK39043325', 0, '0.0', '0.0', '0.0', '82.00', 'III', '1', 2017),
(151, '1623734335', 'MST39043320', 0, '0.0', '0.0', '0.0', '82.00', 'III', '1', 2017),
(152, '1623734335', 'MST39043329', 0, '0.0', '0.0', '0.0', '79.00', 'III', '1', 2017),
(154, '1623734335', 'MHR59043309', 0, '0.0', '0.0', '0.0', '79.00', 'V', '1', 2018),
(155, '1623734335', 'MSD59043305', 0, '0.0', '0.0', '0.0', '80.00', 'V', '1', 2018),
(156, '1623734335', 'MST59043334', 0, '0.0', '0.0', '0.0', '82.00', 'V', '1', 2018),
(157, '1623734335', 'MHR19043311', 0, '0.0', '0.0', '0.0', '80.34', 'I', '1', 2016),
(158, '1623734335', 'MSK49043326', 0, '0.0', '0.0', '0.0', '85.00', 'IV', '1', 2017),
(537, '1723734826', 'MST29043327', 0, '0.0', '0.0', '0.0', '76.50', 'II', '1', 2017),
(538, '1723734827', 'MST29043327', 0, '0.0', '0.0', '0.0', '78.88', 'II', '1', 2017),
(539, '1723734828', 'MST29043327', 0, '0.0', '0.0', '0.0', '76.14', 'II', '1', 2017),
(540, '1723734829', 'MST29043327', 0, '0.0', '0.0', '0.0', '78.06', 'II', '1', 2017),
(541, '1723734830', 'MST29043327', 0, '0.0', '0.0', '0.0', '75.69', 'II', '1', 2017),
(542, '1723734832', 'MST29043327', 0, '0.0', '0.0', '0.0', '73.44', 'II', '1', 2017),
(543, '1723734833', 'MST29043327', 0, '0.0', '0.0', '0.0', '75.69', 'II', '1', 2017),
(544, '1723734834', 'MST29043327', 0, '0.0', '0.0', '0.0', '77.88', 'II', '1', 2017),
(545, '1723734835', 'MST29043327', 0, '0.0', '0.0', '0.0', '76.69', 'II', '1', 2017),
(546, '1723734837', 'MST29043327', 0, '0.0', '0.0', '0.0', '76.50', 'II', '1', 2017),
(547, '1723734839', 'MST29043327', 0, '0.0', '0.0', '0.0', '77.94', 'II', '1', 2017),
(548, '1723734840', 'MST29043327', 0, '0.0', '0.0', '0.0', '76.69', 'II', '1', 2017),
(549, '1723734841', 'MST29043327', 0, '0.0', '0.0', '0.0', '78.25', 'II', '1', 2017),
(550, '1723734842', 'MST29043327', 0, '0.0', '0.0', '0.0', '62.50', 'II', '1', 2017),
(551, '1723734843', 'MST29043327', 0, '0.0', '0.0', '0.0', '79.30', 'II', '1', 2017),
(552, '1723734844', 'MST29043327', 0, '0.0', '0.0', '0.0', '75.88', 'II', '1', 2017),
(553, '1723734845', 'MST29043327', 0, '0.0', '0.0', '0.0', '78.63', 'II', '1', 2017),
(554, '1723734846', 'MST29043327', 0, '0.0', '0.0', '0.0', '78.38', 'II', '1', 2017),
(555, '1723734847', 'MST29043327', 0, '0.0', '0.0', '0.0', '78.06', 'II', '1', 2017),
(556, '1723734848', 'MST29043327', 0, '0.0', '0.0', '0.0', '77.88', 'II', '1', 2017),
(557, '1723734849', 'MST29043327', 0, '0.0', '0.0', '0.0', '76.25', 'II', '1', 2017),
(558, '1723734850', 'MST29043327', 0, '0.0', '0.0', '0.0', '73.88', 'II', '1', 2017),
(559, '1723734851', 'MST29043327', 0, '0.0', '0.0', '0.0', '77.44', 'II', '1', 2017),
(560, '1723734852', 'MST29043327', 0, '0.0', '0.0', '0.0', '75.69', 'II', '1', 2017),
(561, '1723734853', 'MST29043327', 0, '0.0', '0.0', '0.0', '77.63', 'II', '1', 2017),
(562, '1723734854', 'MST29043327', 0, '0.0', '0.0', '0.0', '76.44', 'II', '1', 2017),
(563, '1723734855', 'MST29043327', 0, '0.0', '0.0', '0.0', '75.19', 'II', '1', 2017),
(564, '1723734826', 'MSK29043319', 0, '0.0', '0.0', '0.0', '56.00', 'II', '1', 2017),
(565, '1723734827', 'MSK29043319', 0, '0.0', '0.0', '0.0', '73.00', 'II', '1', 2017),
(566, '1723734828', 'MSK29043319', 0, '0.0', '0.0', '0.0', '72.00', 'II', '1', 2017),
(567, '1723734829', 'MSK29043319', 0, '0.0', '0.0', '0.0', '69.00', 'II', '1', 2017),
(568, '1723734830', 'MSK29043319', 0, '0.0', '0.0', '0.0', '68.00', 'II', '1', 2017),
(569, '1723734832', 'MSK29043319', 0, '0.0', '0.0', '0.0', '58.00', 'II', '1', 2017),
(570, '1723734833', 'MSK29043319', 0, '0.0', '0.0', '0.0', '67.00', 'II', '1', 2017),
(571, '1723734834', 'MSK29043319', 0, '0.0', '0.0', '0.0', '69.00', 'II', '1', 2017),
(572, '1723734835', 'MSK29043319', 0, '0.0', '0.0', '0.0', '69.00', 'II', '1', 2017),
(573, '1723734837', 'MSK29043319', 0, '0.0', '0.0', '0.0', '69.00', 'II', '1', 2017),
(574, '1723734839', 'MSK29043319', 0, '0.0', '0.0', '0.0', '50.00', 'II', '1', 2017),
(575, '1723734840', 'MSK29043319', 0, '0.0', '0.0', '0.0', '56.00', 'II', '1', 2017),
(576, '1723734841', 'MSK29043319', 0, '0.0', '0.0', '0.0', '71.00', 'II', '1', 2017),
(577, '1723734842', 'MSK29043319', 0, '0.0', '0.0', '0.0', '16.00', 'II', '1', 2017),
(578, '1723734843', 'MSK29043319', 0, '0.0', '0.0', '0.0', '66.00', 'II', '1', 2017),
(579, '1723734844', 'MSK29043319', 0, '0.0', '0.0', '0.0', '73.00', 'II', '1', 2017),
(580, '1723734845', 'MSK29043319', 0, '0.0', '0.0', '0.0', '42.00', 'II', '1', 2017),
(581, '1723734846', 'MSK29043319', 0, '0.0', '0.0', '0.0', '69.00', 'II', '1', 2017),
(582, '1723734847', 'MSK29043319', 0, '0.0', '0.0', '0.0', '93.00', 'II', '1', 2017),
(583, '1723734848', 'MSK29043319', 0, '0.0', '0.0', '0.0', '69.00', 'II', '1', 2017),
(584, '1723734849', 'MSK29043319', 0, '0.0', '0.0', '0.0', '63.00', 'II', '1', 2017),
(585, '1723734850', 'MSK29043319', 0, '0.0', '0.0', '0.0', '49.00', 'II', '1', 2017),
(586, '1723734851', 'MSK29043319', 0, '0.0', '0.0', '0.0', '67.00', 'II', '1', 2017),
(587, '1723734852', 'MSK29043319', 0, '0.0', '0.0', '0.0', '70.00', 'II', '1', 2017),
(588, '1723734853', 'MSK29043319', 0, '0.0', '0.0', '0.0', '75.00', 'II', '1', 2017),
(589, '1723734854', 'MSK29043319', 0, '0.0', '0.0', '0.0', '44.00', 'II', '1', 2017),
(590, '1723734855', 'MSK29043319', 0, '0.0', '0.0', '0.0', '71.00', 'II', '1', 2017),
(591, '1723734826', 'MSK29043318', 0, '0.0', '0.0', '0.0', '65.67', 'II', '1', 2017),
(592, '1723734827', 'MSK29043318', 0, '0.0', '0.0', '0.0', '78.41', 'II', '1', 2017),
(593, '1723734828', 'MSK29043318', 0, '0.0', '0.0', '0.0', '76.24', 'II', '1', 2017),
(594, '1723734829', 'MSK29043318', 0, '0.0', '0.0', '0.0', '73.67', 'II', '1', 2017),
(595, '1723734830', 'MSK29043318', 0, '0.0', '0.0', '0.0', '76.31', 'II', '1', 2017),
(596, '1723734832', 'MSK29043318', 0, '0.0', '0.0', '0.0', '75.00', 'II', '1', 2017),
(597, '1723734833', 'MSK29043318', 0, '0.0', '0.0', '0.0', '75.60', 'II', '1', 2017),
(598, '1723734834', 'MSK29043318', 0, '0.0', '0.0', '0.0', '73.55', 'II', '1', 2017),
(599, '1723734835', 'MSK29043318', 0, '0.0', '0.0', '0.0', '72.89', 'II', '1', 2017),
(600, '1723734837', 'MSK29043318', 0, '0.0', '0.0', '0.0', '72.17', 'II', '1', 2017),
(601, '1723734839', 'MSK29043318', 0, '0.0', '0.0', '0.0', '63.52', 'II', '1', 2017),
(602, '1723734840', 'MSK29043318', 0, '0.0', '0.0', '0.0', '74.37', 'II', '1', 2017),
(603, '1723734841', 'MSK29043318', 0, '0.0', '0.0', '0.0', '72.73', 'II', '1', 2017),
(604, '1723734842', 'MSK29043318', 0, '0.0', '0.0', '0.0', '63.22', 'II', '1', 2017),
(605, '1723734843', 'MSK29043318', 0, '0.0', '0.0', '0.0', '76.83', 'II', '1', 2017),
(606, '1723734844', 'MSK29043318', 0, '0.0', '0.0', '0.0', '80.03', 'II', '1', 2017),
(607, '1723734845', 'MSK29043318', 0, '0.0', '0.0', '0.0', '71.20', 'II', '1', 2017),
(608, '1723734846', 'MSK29043318', 0, '0.0', '0.0', '0.0', '66.37', 'II', '1', 2017),
(609, '1723734847', 'MSK29043318', 0, '0.0', '0.0', '0.0', '74.50', 'II', '1', 2017),
(610, '1723734848', 'MSK29043318', 0, '0.0', '0.0', '0.0', '74.93', 'II', '1', 2017),
(611, '1723734849', 'MSK29043318', 0, '0.0', '0.0', '0.0', '70.00', 'II', '1', 2017),
(612, '1723734850', 'MSK29043318', 0, '0.0', '0.0', '0.0', '70.79', 'II', '1', 2017),
(613, '1723734851', 'MSK29043318', 0, '0.0', '0.0', '0.0', '73.71', 'II', '1', 2017),
(614, '1723734852', 'MSK29043318', 0, '0.0', '0.0', '0.0', '73.61', 'II', '1', 2017),
(615, '1723734853', 'MSK29043318', 0, '0.0', '0.0', '0.0', '73.48', 'II', '1', 2017),
(616, '1723734854', 'MSK29043318', 0, '0.0', '0.0', '0.0', '70.00', 'II', '1', 2017),
(617, '1723734855', 'MSK29043318', 0, '0.0', '0.0', '0.0', '78.39', 'II', '1', 2017),
(618, '1723734826', 'MSK29043317', 0, '0.0', '0.0', '0.0', '71.89', 'II', '1', 2017),
(619, '1723734827', 'MSK29043317', 0, '0.0', '0.0', '0.0', '72.44', 'II', '1', 2017),
(620, '1723734828', 'MSK29043317', 0, '0.0', '0.0', '0.0', '71.00', 'II', '1', 2017),
(621, '1723734829', 'MSK29043317', 0, '0.0', '0.0', '0.0', '70.39', 'II', '1', 2017),
(622, '1723734830', 'MSK29043317', 0, '0.0', '0.0', '0.0', '70.44', 'II', '1', 2017),
(623, '1723734832', 'MSK29043317', 0, '0.0', '0.0', '0.0', '72.94', 'II', '1', 2017),
(624, '1723734833', 'MSK29043317', 0, '0.0', '0.0', '0.0', '73.50', 'II', '1', 2017),
(625, '1723734834', 'MSK29043317', 0, '0.0', '0.0', '0.0', '73.00', 'II', '1', 2017),
(626, '1723734835', 'MSK29043317', 0, '0.0', '0.0', '0.0', '71.00', 'II', '1', 2017),
(627, '1723734837', 'MSK29043317', 0, '0.0', '0.0', '0.0', '65.89', 'II', '1', 2017),
(628, '1723734839', 'MSK29043317', 0, '0.0', '0.0', '0.0', '59.00', 'II', '1', 2017),
(629, '1723734840', 'MSK29043317', 0, '0.0', '0.0', '0.0', '71.44', 'II', '1', 2017),
(630, '1723734841', 'MSK29043317', 0, '0.0', '0.0', '0.0', '72.00', 'II', '1', 2017),
(631, '1723734842', 'MSK29043317', 0, '0.0', '0.0', '0.0', '60.78', 'II', '1', 2017),
(632, '1723734843', 'MSK29043317', 0, '0.0', '0.0', '0.0', '73.50', 'II', '1', 2017),
(633, '1723734844', 'MSK29043317', 0, '0.0', '0.0', '0.0', '70.44', 'II', '1', 2017),
(634, '1723734845', 'MSK29043317', 0, '0.0', '0.0', '0.0', '67.00', 'II', '1', 2017),
(635, '1723734846', 'MSK29043317', 0, '0.0', '0.0', '0.0', '72.44', 'II', '1', 2017),
(636, '1723734847', 'MSK29043317', 0, '0.0', '0.0', '0.0', '66.00', 'II', '1', 2017),
(637, '1723734848', 'MSK29043317', 0, '0.0', '0.0', '0.0', '72.00', 'II', '1', 2017),
(638, '1723734849', 'MSK29043317', 0, '0.0', '0.0', '0.0', '70.94', 'II', '1', 2017),
(639, '1723734850', 'MSK29043317', 0, '0.0', '0.0', '0.0', '70.44', 'II', '1', 2017),
(640, '1723734851', 'MSK29043317', 0, '0.0', '0.0', '0.0', '73.50', 'II', '1', 2017),
(641, '1723734852', 'MSK29043317', 0, '0.0', '0.0', '0.0', '73.00', 'II', '1', 2017),
(642, '1723734853', 'MSK29043317', 0, '0.0', '0.0', '0.0', '72.00', 'II', '1', 2017),
(643, '1723734854', 'MSK29043317', 0, '0.0', '0.0', '0.0', '64.94', 'II', '1', 2017),
(644, '1723734855', 'MSK29043317', 0, '0.0', '0.0', '0.0', '73.00', 'II', '1', 2017),
(645, '1723734826', 'MSK29043316', 0, '0.0', '0.0', '0.0', '59.40', 'II', '1', 2017),
(646, '1723734827', 'MSK29043316', 0, '0.0', '0.0', '0.0', '88.21', 'II', '1', 2017),
(647, '1723734828', 'MSK29043316', 0, '0.0', '0.0', '0.0', '73.42', 'II', '1', 2017),
(648, '1723734829', 'MSK29043316', 0, '0.0', '0.0', '0.0', '61.60', 'II', '1', 2017),
(649, '1723734830', 'MSK29043316', 0, '0.0', '0.0', '0.0', '61.60', 'II', '1', 2017),
(650, '1723734832', 'MSK29043316', 0, '0.0', '0.0', '0.0', '62.70', 'II', '1', 2017),
(651, '1723734833', 'MSK29043316', 0, '0.0', '0.0', '0.0', '62.50', 'II', '1', 2017),
(652, '1723734834', 'MSK29043316', 0, '0.0', '0.0', '0.0', '62.50', 'II', '1', 2017),
(653, '1723734835', 'MSK29043316', 0, '0.0', '0.0', '0.0', '64.80', 'II', '1', 2017),
(654, '1723734837', 'MSK29043316', 0, '0.0', '0.0', '0.0', '87.40', 'II', '1', 2017),
(655, '1723734839', 'MSK29043316', 0, '0.0', '0.0', '0.0', '79.00', 'II', '1', 2017),
(656, '1723734840', 'MSK29043316', 0, '0.0', '0.0', '0.0', '64.50', 'II', '1', 2017),
(657, '1723734841', 'MSK29043316', 0, '0.0', '0.0', '0.0', '68.50', 'II', '1', 2017),
(658, '1723734842', 'MSK29043316', 0, '0.0', '0.0', '0.0', '46.30', 'II', '1', 2017),
(659, '1723734843', 'MSK29043316', 0, '0.0', '0.0', '0.0', '88.60', 'II', '1', 2017),
(660, '1723734844', 'MSK29043316', 0, '0.0', '0.0', '0.0', '74.60', 'II', '1', 2017),
(661, '1723734845', 'MSK29043316', 0, '0.0', '0.0', '0.0', '64.90', 'II', '1', 2017),
(662, '1723734846', 'MSK29043316', 0, '0.0', '0.0', '0.0', '74.00', 'II', '1', 2017),
(663, '1723734847', 'MSK29043316', 0, '0.0', '0.0', '0.0', '69.50', 'II', '1', 2017),
(664, '1723734848', 'MSK29043316', 0, '0.0', '0.0', '0.0', '73.50', 'II', '1', 2017),
(665, '1723734849', 'MSK29043316', 0, '0.0', '0.0', '0.0', '83.00', 'II', '1', 2017),
(666, '1723734850', 'MSK29043316', 0, '0.0', '0.0', '0.0', '72.10', 'II', '1', 2017),
(667, '1723734851', 'MSK29043316', 0, '0.0', '0.0', '0.0', '66.40', 'II', '1', 2017),
(668, '1723734852', 'MSK29043316', 0, '0.0', '0.0', '0.0', '70.70', 'II', '1', 2017),
(669, '1723734853', 'MSK29043316', 0, '0.0', '0.0', '0.0', '92.10', 'II', '1', 2017),
(670, '1723734854', 'MSK29043316', 0, '0.0', '0.0', '0.0', '68.40', 'II', '1', 2017),
(671, '1723734855', 'MSK29043316', 0, '0.0', '0.0', '0.0', '85.10', 'II', '1', 2017),
(672, '1723734826', 'MSD29043302', 0, '0.0', '0.0', '0.0', '75.00', 'II', '1', 2017),
(673, '1723734827', 'MSD29043302', 0, '0.0', '0.0', '0.0', '75.00', 'II', '1', 2017),
(674, '1723734828', 'MSD29043302', 0, '0.0', '0.0', '0.0', '75.00', 'II', '1', 2017),
(675, '1723734829', 'MSD29043302', 0, '0.0', '0.0', '0.0', '70.50', 'II', '1', 2017),
(676, '1723734830', 'MSD29043302', 0, '0.0', '0.0', '0.0', '75.00', 'II', '1', 2017),
(677, '1723734832', 'MSD29043302', 0, '0.0', '0.0', '0.0', '64.00', 'II', '1', 2017),
(678, '1723734833', 'MSD29043302', 0, '0.0', '0.0', '0.0', '70.50', 'II', '1', 2017),
(679, '1723734834', 'MSD29043302', 0, '0.0', '0.0', '0.0', '64.00', 'II', '1', 2017),
(680, '1723734835', 'MSD29043302', 0, '0.0', '0.0', '0.0', '70.50', 'II', '1', 2017),
(681, '1723734837', 'MSD29043302', 0, '0.0', '0.0', '0.0', '82.00', 'II', '1', 2017),
(682, '1723734839', 'MSD29043302', 0, '0.0', '0.0', '0.0', '78.00', 'II', '1', 2017),
(683, '1723734840', 'MSD29043302', 0, '0.0', '0.0', '0.0', '64.00', 'II', '1', 2017),
(684, '1723734841', 'MSD29043302', 0, '0.0', '0.0', '0.0', '64.00', 'II', '1', 2017),
(685, '1723734842', 'MSD29043302', 0, '0.0', '0.0', '0.0', '0.00', 'II', '1', 2017),
(686, '1723734843', 'MSD29043302', 0, '0.0', '0.0', '0.0', '64.00', 'II', '1', 2017),
(687, '1723734844', 'MSD29043302', 0, '0.0', '0.0', '0.0', '64.00', 'II', '1', 2017),
(688, '1723734845', 'MSD29043302', 0, '0.0', '0.0', '0.0', '70.50', 'II', '1', 2017),
(689, '1723734846', 'MSD29043302', 0, '0.0', '0.0', '0.0', '64.00', 'II', '1', 2017),
(690, '1723734847', 'MSD29043302', 0, '0.0', '0.0', '0.0', '75.00', 'II', '1', 2017),
(691, '1723734848', 'MSD29043302', 0, '0.0', '0.0', '0.0', '82.00', 'II', '1', 2017),
(692, '1723734849', 'MSD29043302', 0, '0.0', '0.0', '0.0', '75.00', 'II', '1', 2017),
(693, '1723734850', 'MSD29043302', 0, '0.0', '0.0', '0.0', '64.00', 'II', '1', 2017),
(694, '1723734851', 'MSD29043302', 0, '0.0', '0.0', '0.0', '64.00', 'II', '1', 2017),
(695, '1723734852', 'MSD29043302', 0, '0.0', '0.0', '0.0', '70.50', 'II', '1', 2017),
(696, '1723734853', 'MSD29043302', 0, '0.0', '0.0', '0.0', '85.50', 'II', '1', 2017),
(697, '1723734854', 'MSD29043302', 0, '0.0', '0.0', '0.0', '75.00', 'II', '1', 2017),
(698, '1723734855', 'MSD29043302', 0, '0.0', '0.0', '0.0', '75.00', 'II', '1', 2017),
(699, '1723734826', 'MSK29043314', 0, '0.0', '0.0', '0.0', '74.53', 'II', '1', 2017),
(700, '1723734827', 'MSK29043314', 0, '0.0', '0.0', '0.0', '80.78', 'II', '1', 2017),
(701, '1723734828', 'MSK29043314', 0, '0.0', '0.0', '0.0', '80.18', 'II', '1', 2017),
(702, '1723734829', 'MSK29043314', 0, '0.0', '0.0', '0.0', '73.98', 'II', '1', 2017),
(703, '1723734830', 'MSK29043314', 0, '0.0', '0.0', '0.0', '69.88', 'II', '1', 2017),
(704, '1723734832', 'MSK29043314', 0, '0.0', '0.0', '0.0', '65.73', 'II', '1', 2017),
(705, '1723734833', 'MSK29043314', 0, '0.0', '0.0', '0.0', '73.98', 'II', '1', 2017),
(706, '1723734834', 'MSK29043314', 0, '0.0', '0.0', '0.0', '74.38', 'II', '1', 2017),
(707, '1723734835', 'MSK29043314', 0, '0.0', '0.0', '0.0', '69.63', 'II', '1', 2017),
(708, '1723734837', 'MSK29043314', 0, '0.0', '0.0', '0.0', '80.78', 'II', '1', 2017),
(709, '1723734839', 'MSK29043314', 0, '0.0', '0.0', '0.0', '77.18', 'II', '1', 2017),
(710, '1723734840', 'MSK29043314', 0, '0.0', '0.0', '0.0', '66.33', 'II', '1', 2017),
(711, '1723734841', 'MSK29043314', 0, '0.0', '0.0', '0.0', '81.58', 'II', '1', 2017),
(712, '1723734842', 'MSK29043314', 0, '0.0', '0.0', '0.0', '45.43', 'II', '1', 2017),
(713, '1723734843', 'MSK29043314', 0, '0.0', '0.0', '0.0', '84.38', 'II', '1', 2017),
(714, '1723734844', 'MSK29043314', 0, '0.0', '0.0', '0.0', '74.38', 'II', '1', 2017),
(715, '1723734845', 'MSK29043314', 0, '0.0', '0.0', '0.0', '68.15', 'II', '1', 2017),
(716, '1723734846', 'MSK29043314', 0, '0.0', '0.0', '0.0', '69.98', 'II', '1', 2017),
(717, '1723734847', 'MSK29043314', 0, '0.0', '0.0', '0.0', '74.78', 'II', '1', 2017),
(718, '1723734848', 'MSK29043314', 0, '0.0', '0.0', '0.0', '69.58', 'II', '1', 2017),
(719, '1723734849', 'MSK29043314', 0, '0.0', '0.0', '0.0', '80.78', 'II', '1', 2017),
(720, '1723734850', 'MSK29043314', 0, '0.0', '0.0', '0.0', '70.15', 'II', '1', 2017),
(721, '1723734851', 'MSK29043314', 0, '0.0', '0.0', '0.0', '67.93', 'II', '1', 2017),
(722, '1723734852', 'MSK29043314', 0, '0.0', '0.0', '0.0', '69.85', 'II', '1', 2017),
(723, '1723734853', 'MSK29043314', 0, '0.0', '0.0', '0.0', '82.00', 'II', '1', 2017),
(724, '1723734854', 'MSK29043314', 0, '0.0', '0.0', '0.0', '69.75', 'II', '1', 2017),
(725, '1723734855', 'MSK29043314', 0, '0.0', '0.0', '0.0', '73.98', 'II', '1', 2017),
(726, '1723734826', 'MHR19043311', 0, '0.0', '0.0', '0.0', '70.10', 'I', '1', 2017),
(727, '1723734827', 'MHR19043311', 0, '0.0', '0.0', '0.0', '75.00', 'I', '1', 2017),
(728, '1723734828', 'MHR19043311', 0, '0.0', '0.0', '0.0', '80.00', 'I', '1', 2017),
(729, '1723734829', 'MHR19043311', 0, '0.0', '0.0', '0.0', '73.00', 'I', '1', 2017),
(730, '1723734830', 'MHR19043311', 0, '0.0', '0.0', '0.0', '73.00', 'I', '1', 2017),
(731, '1723734831', 'MHR19043311', 0, '0.0', '0.0', '0.0', '0.00', 'I', '1', 2017),
(732, '1723734832', 'MHR19043311', 0, '0.0', '0.0', '0.0', '42.30', 'I', '1', 2017),
(733, '1723734833', 'MHR19043311', 0, '0.0', '0.0', '0.0', '75.00', 'I', '1', 2017),
(734, '1723734834', 'MHR19043311', 0, '0.0', '0.0', '0.0', '78.00', 'I', '1', 2017),
(735, '1723734835', 'MHR19043311', 0, '0.0', '0.0', '0.0', '74.00', 'I', '1', 2017),
(736, '1723734836', 'MHR19043311', 0, '0.0', '0.0', '0.0', '0.00', 'I', '1', 2017),
(737, '1723734837', 'MHR19043311', 0, '0.0', '0.0', '0.0', '76.00', 'I', '1', 2017),
(738, '1723734838', 'MHR19043311', 0, '0.0', '0.0', '0.0', '69.30', 'I', '1', 2017),
(739, '1723734839', 'MHR19043311', 0, '0.0', '0.0', '0.0', '76.00', 'I', '1', 2017),
(740, '1723734840', 'MHR19043311', 0, '0.0', '0.0', '0.0', '82.00', 'I', '1', 2017),
(741, '1723734841', 'MHR19043311', 0, '0.0', '0.0', '0.0', '73.00', 'I', '1', 2017),
(742, '1723734842', 'MHR19043311', 0, '0.0', '0.0', '0.0', '78.00', 'I', '1', 2017),
(743, '1723734843', 'MHR19043311', 0, '0.0', '0.0', '0.0', '74.00', 'I', '1', 2017),
(744, '1723734844', 'MHR19043311', 0, '0.0', '0.0', '0.0', '75.00', 'I', '1', 2017),
(745, '1723734845', 'MHR19043311', 0, '0.0', '0.0', '0.0', '71.00', 'I', '1', 2017),
(746, '1723734846', 'MHR19043311', 0, '0.0', '0.0', '0.0', '79.00', 'I', '1', 2017),
(747, '1723734847', 'MHR19043311', 0, '0.0', '0.0', '0.0', '75.00', 'I', '1', 2017),
(748, '1723734848', 'MHR19043311', 0, '0.0', '0.0', '0.0', '72.00', 'I', '1', 2017),
(749, '1723734849', 'MHR19043311', 0, '0.0', '0.0', '0.0', '73.00', 'I', '1', 2017),
(750, '1723734850', 'MHR19043311', 0, '0.0', '0.0', '0.0', '72.00', 'I', '1', 2017),
(751, '1723734851', 'MHR19043311', 0, '0.0', '0.0', '0.0', '70.10', 'I', '1', 2017),
(752, '1723734852', 'MHR19043311', 0, '0.0', '0.0', '0.0', '70.10', 'I', '1', 2017),
(753, '1723734853', 'MHR19043311', 0, '0.0', '0.0', '0.0', '72.40', 'I', '1', 2017),
(754, '1723734854', 'MHR19043311', 0, '0.0', '0.0', '0.0', '72.00', 'I', '1', 2017),
(755, '1723734855', 'MHR19043311', 0, '0.0', '0.0', '0.0', '72.40', 'I', '1', 2017),
(756, '1723734826', 'MSK19043315', 0, '0.0', '0.0', '0.0', '78.00', 'I', '1', 2017),
(757, '1723734827', 'MSK19043315', 0, '0.0', '0.0', '0.0', '86.00', 'I', '1', 2017),
(758, '1723734828', 'MSK19043315', 0, '0.0', '0.0', '0.0', '78.00', 'I', '1', 2017),
(759, '1723734829', 'MSK19043315', 0, '0.0', '0.0', '0.0', '76.00', 'I', '1', 2017),
(760, '1723734830', 'MSK19043315', 0, '0.0', '0.0', '0.0', '76.00', 'I', '1', 2017),
(761, '1723734831', 'MSK19043315', 0, '0.0', '0.0', '0.0', '0.00', 'I', '1', 2017),
(762, '1723734832', 'MSK19043315', 0, '0.0', '0.0', '0.0', '76.00', 'I', '1', 2017),
(763, '1723734833', 'MSK19043315', 0, '0.0', '0.0', '0.0', '78.00', 'I', '1', 2017),
(764, '1723734834', 'MSK19043315', 0, '0.0', '0.0', '0.0', '78.00', 'I', '1', 2017),
(765, '1723734835', 'MSK19043315', 0, '0.0', '0.0', '0.0', '76.00', 'I', '1', 2017),
(766, '1723734836', 'MSK19043315', 0, '0.0', '0.0', '0.0', '12.33', 'I', '1', 2017),
(767, '1723734837', 'MSK19043315', 0, '0.0', '0.0', '0.0', '76.00', 'I', '1', 2017),
(768, '1723734838', 'MSK19043315', 0, '0.0', '0.0', '0.0', '16.67', 'I', '1', 2017),
(769, '1723734839', 'MSK19043315', 0, '0.0', '0.0', '0.0', '86.00', 'I', '1', 2017),
(770, '1723734840', 'MSK19043315', 0, '0.0', '0.0', '0.0', '76.00', 'I', '1', 2017),
(771, '1723734841', 'MSK19043315', 0, '0.0', '0.0', '0.0', '82.00', 'I', '1', 2017),
(772, '1723734842', 'MSK19043315', 0, '0.0', '0.0', '0.0', '76.00', 'I', '1', 2017),
(773, '1723734843', 'MSK19043315', 0, '0.0', '0.0', '0.0', '87.00', 'I', '1', 2017),
(774, '1723734844', 'MSK19043315', 0, '0.0', '0.0', '0.0', '78.00', 'I', '1', 2017),
(775, '1723734845', 'MSK19043315', 0, '0.0', '0.0', '0.0', '86.00', 'I', '1', 2017),
(776, '1723734846', 'MSK19043315', 0, '0.0', '0.0', '0.0', '78.00', 'I', '1', 2017),
(777, '1723734847', 'MSK19043315', 0, '0.0', '0.0', '0.0', '86.00', 'I', '1', 2017),
(778, '1723734848', 'MSK19043315', 0, '0.0', '0.0', '0.0', '87.00', 'I', '1', 2017),
(779, '1723734849', 'MSK19043315', 0, '0.0', '0.0', '0.0', '86.00', 'I', '1', 2017),
(780, '1723734850', 'MSK19043315', 0, '0.0', '0.0', '0.0', '76.00', 'I', '1', 2017),
(781, '1723734851', 'MSK19043315', 0, '0.0', '0.0', '0.0', '78.00', 'I', '1', 2017),
(782, '1723734852', 'MSK19043315', 0, '0.0', '0.0', '0.0', '76.00', 'I', '1', 2017),
(783, '1723734853', 'MSK19043315', 0, '0.0', '0.0', '0.0', '86.00', 'I', '1', 2017),
(784, '1723734854', 'MSK19043315', 0, '0.0', '0.0', '0.0', '76.00', 'I', '1', 2017),
(785, '1723734855', 'MSK19043315', 0, '0.0', '0.0', '0.0', '76.00', 'I', '1', 2017),
(786, '1723734826', 'MSK19043313', 0, '0.0', '0.0', '0.0', '80.00', 'I', '1', 2017),
(787, '1723734827', 'MSK19043313', 0, '0.0', '0.0', '0.0', '80.00', 'I', '1', 2017),
(788, '1723734828', 'MSK19043313', 0, '0.0', '0.0', '0.0', '80.00', 'I', '1', 2017),
(789, '1723734829', 'MSK19043313', 0, '0.0', '0.0', '0.0', '80.00', 'I', '1', 2017),
(790, '1723734830', 'MSK19043313', 0, '0.0', '0.0', '0.0', '80.00', 'I', '1', 2017),
(791, '1723734831', 'MSK19043313', 0, '0.0', '0.0', '0.0', '0.00', 'I', '1', 2017),
(792, '1723734832', 'MSK19043313', 0, '0.0', '0.0', '0.0', '70.00', 'I', '1', 2017),
(793, '1723734833', 'MSK19043313', 0, '0.0', '0.0', '0.0', '70.00', 'I', '1', 2017),
(794, '1723734834', 'MSK19043313', 0, '0.0', '0.0', '0.0', '70.00', 'I', '1', 2017),
(795, '1723734835', 'MSK19043313', 0, '0.0', '0.0', '0.0', '80.00', 'I', '1', 2017),
(796, '1723734836', 'MSK19043313', 0, '0.0', '0.0', '0.0', '80.00', 'I', '1', 2017),
(797, '1723734837', 'MSK19043313', 0, '0.0', '0.0', '0.0', '80.00', 'I', '1', 2017),
(798, '1723734838', 'MSK19043313', 0, '0.0', '0.0', '0.0', '30.00', 'I', '1', 2017),
(799, '1723734839', 'MSK19043313', 0, '0.0', '0.0', '0.0', '65.00', 'I', '1', 2017),
(800, '1723734840', 'MSK19043313', 0, '0.0', '0.0', '0.0', '80.00', 'I', '1', 2017),
(801, '1723734841', 'MSK19043313', 0, '0.0', '0.0', '0.0', '80.00', 'I', '1', 2017),
(802, '1723734842', 'MSK19043313', 0, '0.0', '0.0', '0.0', '80.00', 'I', '1', 2017),
(803, '1723734843', 'MSK19043313', 0, '0.0', '0.0', '0.0', '80.00', 'I', '1', 2017),
(804, '1723734844', 'MSK19043313', 0, '0.0', '0.0', '0.0', '80.00', 'I', '1', 2017),
(805, '1723734845', 'MSK19043313', 0, '0.0', '0.0', '0.0', '65.00', 'I', '1', 2017),
(806, '1723734846', 'MSK19043313', 0, '0.0', '0.0', '0.0', '80.00', 'I', '1', 2017),
(807, '1723734847', 'MSK19043313', 0, '0.0', '0.0', '0.0', '80.00', 'I', '1', 2017),
(808, '1723734848', 'MSK19043313', 0, '0.0', '0.0', '0.0', '80.00', 'I', '1', 2017),
(809, '1723734849', 'MSK19043313', 0, '0.0', '0.0', '0.0', '60.00', 'I', '1', 2017),
(810, '1723734850', 'MSK19043313', 0, '0.0', '0.0', '0.0', '60.00', 'I', '1', 2017),
(811, '1723734851', 'MSK19043313', 0, '0.0', '0.0', '0.0', '80.00', 'I', '1', 2017),
(812, '1723734852', 'MSK19043313', 0, '0.0', '0.0', '0.0', '80.00', 'I', '1', 2017),
(813, '1723734853', 'MSK19043313', 0, '0.0', '0.0', '0.0', '60.00', 'I', '1', 2017),
(814, '1723734854', 'MSK19043313', 0, '0.0', '0.0', '0.0', '80.00', 'I', '1', 2017),
(815, '1723734855', 'MSK19043313', 0, '0.0', '0.0', '0.0', '80.00', 'I', '1', 2017),
(816, '1723734826', 'MSK19043312', 0, '0.0', '0.0', '0.0', '69.00', 'I', '1', 2017),
(817, '1723734827', 'MSK19043312', 0, '0.0', '0.0', '0.0', '73.00', 'I', '1', 2017),
(818, '1723734828', 'MSK19043312', 0, '0.0', '0.0', '0.0', '67.00', 'I', '1', 2017),
(819, '1723734829', 'MSK19043312', 0, '0.0', '0.0', '0.0', '71.00', 'I', '1', 2017),
(820, '1723734830', 'MSK19043312', 0, '0.0', '0.0', '0.0', '68.00', 'I', '1', 2017),
(821, '1723734831', 'MSK19043312', 0, '0.0', '0.0', '0.0', '0.00', 'I', '1', 2017),
(822, '1723734832', 'MSK19043312', 0, '0.0', '0.0', '0.0', '62.00', 'I', '1', 2017),
(823, '1723734833', 'MSK19043312', 0, '0.0', '0.0', '0.0', '69.00', 'I', '1', 2017),
(824, '1723734834', 'MSK19043312', 0, '0.0', '0.0', '0.0', '69.00', 'I', '1', 2017),
(825, '1723734835', 'MSK19043312', 0, '0.0', '0.0', '0.0', '69.00', 'I', '1', 2017),
(826, '1723734836', 'MSK19043312', 0, '0.0', '0.0', '0.0', '36.00', 'I', '1', 2017),
(827, '1723734837', 'MSK19043312', 0, '0.0', '0.0', '0.0', '69.00', 'I', '1', 2017),
(828, '1723734838', 'MSK19043312', 0, '0.0', '0.0', '0.0', '36.00', 'I', '1', 2017),
(829, '1723734839', 'MSK19043312', 0, '0.0', '0.0', '0.0', '67.00', 'I', '1', 2017),
(830, '1723734840', 'MSK19043312', 0, '0.0', '0.0', '0.0', '70.00', 'I', '1', 2017),
(831, '1723734841', 'MSK19043312', 0, '0.0', '0.0', '0.0', '71.00', 'I', '1', 2017),
(832, '1723734842', 'MSK19043312', 0, '0.0', '0.0', '0.0', '69.00', 'I', '1', 2017),
(833, '1723734843', 'MSK19043312', 0, '0.0', '0.0', '0.0', '70.00', 'I', '1', 2017),
(834, '1723734844', 'MSK19043312', 0, '0.0', '0.0', '0.0', '71.00', 'I', '1', 2017),
(835, '1723734845', 'MSK19043312', 0, '0.0', '0.0', '0.0', '71.00', 'I', '1', 2017),
(836, '1723734846', 'MSK19043312', 0, '0.0', '0.0', '0.0', '67.00', 'I', '1', 2017),
(837, '1723734847', 'MSK19043312', 0, '0.0', '0.0', '0.0', '69.00', 'I', '1', 2017),
(838, '1723734848', 'MSK19043312', 0, '0.0', '0.0', '0.0', '71.00', 'I', '1', 2017),
(839, '1723734849', 'MSK19043312', 0, '0.0', '0.0', '0.0', '69.00', 'I', '1', 2017),
(840, '1723734850', 'MSK19043312', 0, '0.0', '0.0', '0.0', '62.00', 'I', '1', 2017),
(841, '1723734851', 'MSK19043312', 0, '0.0', '0.0', '0.0', '67.00', 'I', '1', 2017),
(842, '1723734852', 'MSK19043312', 0, '0.0', '0.0', '0.0', '70.00', 'I', '1', 2017),
(843, '1723734853', 'MSK19043312', 0, '0.0', '0.0', '0.0', '74.00', 'I', '1', 2017),
(844, '1723734854', 'MSK19043312', 0, '0.0', '0.0', '0.0', '69.00', 'I', '1', 2017),
(845, '1723734855', 'MSK19043312', 0, '0.0', '0.0', '0.0', '73.00', 'I', '1', 2017),
(846, '1723734826', 'MSD19043301', 0, '0.0', '0.0', '0.0', '58.00', 'I', '1', 2017),
(847, '1723734827', 'MSD19043301', 0, '0.0', '0.0', '0.0', '60.30', 'I', '1', 2017),
(848, '1723734828', 'MSD19043301', 0, '0.0', '0.0', '0.0', '73.00', 'I', '1', 2017),
(849, '1723734829', 'MSD19043301', 0, '0.0', '0.0', '0.0', '69.00', 'I', '1', 2017),
(850, '1723734830', 'MSD19043301', 0, '0.0', '0.0', '0.0', '62.00', 'I', '1', 2017),
(851, '1723734831', 'MSD19043301', 0, '0.0', '0.0', '0.0', '0.00', 'I', '1', 2017),
(852, '1723734832', 'MSD19043301', 0, '0.0', '0.0', '0.0', '58.00', 'I', '1', 2017),
(853, '1723734833', 'MSD19043301', 0, '0.0', '0.0', '0.0', '77.00', 'I', '1', 2017),
(854, '1723734834', 'MSD19043301', 0, '0.0', '0.0', '0.0', '56.00', 'I', '1', 2017),
(855, '1723734835', 'MSD19043301', 0, '0.0', '0.0', '0.0', '57.00', 'I', '1', 2017),
(856, '1723734836', 'MSD19043301', 0, '0.0', '0.0', '0.0', '0.00', 'I', '1', 2017),
(857, '1723734837', 'MSD19043301', 0, '0.0', '0.0', '0.0', '81.40', 'I', '1', 2017),
(858, '1723734838', 'MSD19043301', 0, '0.0', '0.0', '0.0', '14.00', 'I', '1', 2017),
(859, '1723734839', 'MSD19043301', 0, '0.0', '0.0', '0.0', '74.40', 'I', '1', 2017),
(860, '1723734840', 'MSD19043301', 0, '0.0', '0.0', '0.0', '57.00', 'I', '1', 2017),
(861, '1723734841', 'MSD19043301', 0, '0.0', '0.0', '0.0', '71.00', 'I', '1', 2017),
(862, '1723734842', 'MSD19043301', 0, '0.0', '0.0', '0.0', '57.00', 'I', '1', 2017),
(863, '1723734843', 'MSD19043301', 0, '0.0', '0.0', '0.0', '77.00', 'I', '1', 2017),
(864, '1723734844', 'MSD19043301', 0, '0.0', '0.0', '0.0', '56.00', 'I', '1', 2017),
(865, '1723734845', 'MSD19043301', 0, '0.0', '0.0', '0.0', '65.00', 'I', '1', 2017),
(866, '1723734846', 'MSD19043301', 0, '0.0', '0.0', '0.0', '64.00', 'I', '1', 2017),
(867, '1723734847', 'MSD19043301', 0, '0.0', '0.0', '0.0', '69.00', 'I', '1', 2017),
(868, '1723734848', 'MSD19043301', 0, '0.0', '0.0', '0.0', '60.20', 'I', '1', 2017),
(869, '1723734849', 'MSD19043301', 0, '0.0', '0.0', '0.0', '79.00', 'I', '1', 2017),
(870, '1723734850', 'MSD19043301', 0, '0.0', '0.0', '0.0', '54.00', 'I', '1', 2017),
(871, '1723734851', 'MSD19043301', 0, '0.0', '0.0', '0.0', '56.00', 'I', '1', 2017),
(872, '1723734852', 'MSD19043301', 0, '0.0', '0.0', '0.0', '64.00', 'I', '1', 2017),
(873, '1723734853', 'MSD19043301', 0, '0.0', '0.0', '0.0', '90.30', 'I', '1', 2017),
(874, '1723734854', 'MSD19043301', 0, '0.0', '0.0', '0.0', '73.00', 'I', '1', 2017),
(875, '1723734855', 'MSD19043301', 0, '0.0', '0.0', '0.0', '71.00', 'I', '1', 2017),
(876, '1723734826', 'MSD19043303', 0, '0.0', '0.0', '0.0', '68.00', 'I', '1', 2017),
(877, '1723734827', 'MSD19043303', 0, '0.0', '0.0', '0.0', '78.00', 'I', '1', 2017),
(878, '1723734828', 'MSD19043303', 0, '0.0', '0.0', '0.0', '71.60', 'I', '1', 2017),
(879, '1723734829', 'MSD19043303', 0, '0.0', '0.0', '0.0', '65.00', 'I', '1', 2017),
(880, '1723734830', 'MSD19043303', 0, '0.0', '0.0', '0.0', '65.98', 'I', '1', 2017),
(881, '1723734831', 'MSD19043303', 0, '0.0', '0.0', '0.0', '0.00', 'I', '1', 2017),
(882, '1723734832', 'MSD19043303', 0, '0.0', '0.0', '0.0', '62.40', 'I', '1', 2017),
(883, '1723734833', 'MSD19043303', 0, '0.0', '0.0', '0.0', '86.80', 'I', '1', 2017),
(884, '1723734834', 'MSD19043303', 0, '0.0', '0.0', '0.0', '68.78', 'I', '1', 2017),
(885, '1723734835', 'MSD19043303', 0, '0.0', '0.0', '0.0', '65.60', 'I', '1', 2017),
(886, '1723734836', 'MSD19043303', 0, '0.0', '0.0', '0.0', '26.65', 'I', '1', 2017),
(887, '1723734837', 'MSD19043303', 0, '0.0', '0.0', '0.0', '67.98', 'I', '1', 2017),
(888, '1723734838', 'MSD19043303', 0, '0.0', '0.0', '0.0', '43.15', 'I', '1', 2017),
(889, '1723734839', 'MSD19043303', 0, '0.0', '0.0', '0.0', '70.93', 'I', '1', 2017),
(890, '1723734840', 'MSD19043303', 0, '0.0', '0.0', '0.0', '66.00', 'I', '1', 2017),
(891, '1723734841', 'MSD19043303', 0, '0.0', '0.0', '0.0', '74.40', 'I', '1', 2017),
(892, '1723734842', 'MSD19043303', 0, '0.0', '0.0', '0.0', '65.58', 'I', '1', 2017),
(893, '1723734843', 'MSD19043303', 0, '0.0', '0.0', '0.0', '80.40', 'I', '1', 2017),
(894, '1723734844', 'MSD19043303', 0, '0.0', '0.0', '0.0', '65.98', 'I', '1', 2017),
(895, '1723734845', 'MSD19043303', 0, '0.0', '0.0', '0.0', '70.40', 'I', '1', 2017),
(896, '1723734846', 'MSD19043303', 0, '0.0', '0.0', '0.0', '70.00', 'I', '1', 2017),
(897, '1723734847', 'MSD19043303', 0, '0.0', '0.0', '0.0', '71.60', 'I', '1', 2017),
(898, '1723734848', 'MSD19043303', 0, '0.0', '0.0', '0.0', '70.40', 'I', '1', 2017),
(899, '1723734849', 'MSD19043303', 0, '0.0', '0.0', '0.0', '69.50', 'I', '1', 2017),
(900, '1723734850', 'MSD19043303', 0, '0.0', '0.0', '0.0', '67.18', 'I', '1', 2017),
(901, '1723734851', 'MSD19043303', 0, '0.0', '0.0', '0.0', '63.98', 'I', '1', 2017),
(902, '1723734852', 'MSD19043303', 0, '0.0', '0.0', '0.0', '71.60', 'I', '1', 2017),
(903, '1723734853', 'MSD19043303', 0, '0.0', '0.0', '0.0', '82.00', 'I', '1', 2017),
(904, '1723734854', 'MSD19043303', 0, '0.0', '0.0', '0.0', '68.40', 'I', '1', 2017),
(905, '1723734855', 'MSD19043303', 0, '0.0', '0.0', '0.0', '67.98', 'I', '1', 2017),
(906, '1723734826', 'MHR19043308', 0, '0.0', '0.0', '0.0', '63.00', 'I', '1', 2017),
(907, '1723734827', 'MHR19043308', 0, '0.0', '0.0', '0.0', '76.20', 'I', '1', 2017),
(908, '1723734828', 'MHR19043308', 0, '0.0', '0.0', '0.0', '68.00', 'I', '1', 2017),
(909, '1723734829', 'MHR19043308', 0, '0.0', '0.0', '0.0', '73.00', 'I', '1', 2017),
(910, '1723734830', 'MHR19043308', 0, '0.0', '0.0', '0.0', '64.00', 'I', '1', 2017),
(911, '1723734831', 'MHR19043308', 0, '0.0', '0.0', '0.0', '0.00', 'I', '1', 2017),
(912, '1723734832', 'MHR19043308', 0, '0.0', '0.0', '0.0', '41.00', 'I', '1', 2017),
(913, '1723734833', 'MHR19043308', 0, '0.0', '0.0', '0.0', '68.20', 'I', '1', 2017),
(914, '1723734834', 'MHR19043308', 0, '0.0', '0.0', '0.0', '65.20', 'I', '1', 2017),
(915, '1723734835', 'MHR19043308', 0, '0.0', '0.0', '0.0', '65.20', 'I', '1', 2017),
(916, '1723734836', 'MHR19043308', 0, '0.0', '0.0', '0.0', '0.00', 'I', '1', 2017),
(917, '1723734837', 'MHR19043308', 0, '0.0', '0.0', '0.0', '74.20', 'I', '1', 2017),
(918, '1723734838', 'MHR19043308', 0, '0.0', '0.0', '0.0', '41.00', 'I', '1', 2017),
(919, '1723734839', 'MHR19043308', 0, '0.0', '0.0', '0.0', '73.00', 'I', '1', 2017),
(920, '1723734840', 'MHR19043308', 0, '0.0', '0.0', '0.0', '63.00', 'I', '1', 2017),
(921, '1723734841', 'MHR19043308', 0, '0.0', '0.0', '0.0', '65.20', 'I', '1', 2017),
(922, '1723734842', 'MHR19043308', 0, '0.0', '0.0', '0.0', '66.00', 'I', '1', 2017),
(923, '1723734843', 'MHR19043308', 0, '0.0', '0.0', '0.0', '72.40', 'I', '1', 2017),
(924, '1723734844', 'MHR19043308', 0, '0.0', '0.0', '0.0', '73.00', 'I', '1', 2017),
(925, '1723734845', 'MHR19043308', 0, '0.0', '0.0', '0.0', '66.00', 'I', '1', 2017),
(926, '1723734846', 'MHR19043308', 0, '0.0', '0.0', '0.0', '66.00', 'I', '1', 2017),
(927, '1723734847', 'MHR19043308', 0, '0.0', '0.0', '0.0', '63.00', 'I', '1', 2017),
(928, '1723734848', 'MHR19043308', 0, '0.0', '0.0', '0.0', '65.20', 'I', '1', 2017),
(929, '1723734849', 'MHR19043308', 0, '0.0', '0.0', '0.0', '76.00', 'I', '1', 2017),
(930, '1723734850', 'MHR19043308', 0, '0.0', '0.0', '0.0', '66.00', 'I', '1', 2017),
(931, '1723734851', 'MHR19043308', 0, '0.0', '0.0', '0.0', '66.00', 'I', '1', 2017),
(932, '1723734852', 'MHR19043308', 0, '0.0', '0.0', '0.0', '67.00', 'I', '1', 2017),
(933, '1723734853', 'MHR19043308', 0, '0.0', '0.0', '0.0', '73.00', 'I', '1', 2017),
(934, '1723734854', 'MHR19043308', 0, '0.0', '0.0', '0.0', '73.00', 'I', '1', 2017),
(935, '1723734855', 'MHR19043308', 0, '0.0', '0.0', '0.0', '73.00', 'I', '1', 2017),
(936, '1723734826', 'MHR19043306', 0, '0.0', '0.0', '0.0', '48.30', 'I', '1', 2017),
(937, '1723734827', 'MHR19043306', 0, '0.0', '0.0', '0.0', '68.00', 'I', '1', 2017),
(938, '1723734828', 'MHR19043306', 0, '0.0', '0.0', '0.0', '82.00', 'I', '1', 2017),
(939, '1723734829', 'MHR19043306', 0, '0.0', '0.0', '0.0', '83.00', 'I', '1', 2017),
(940, '1723734830', 'MHR19043306', 0, '0.0', '0.0', '0.0', '77.30', 'I', '1', 2017),
(941, '1723734831', 'MHR19043306', 0, '0.0', '0.0', '0.0', '0.00', 'I', '1', 2017),
(942, '1723734832', 'MHR19043306', 0, '0.0', '0.0', '0.0', '76.10', 'I', '1', 2017),
(943, '1723734833', 'MHR19043306', 0, '0.0', '0.0', '0.0', '78.30', 'I', '1', 2017),
(944, '1723734834', 'MHR19043306', 0, '0.0', '0.0', '0.0', '74.40', 'I', '1', 2017),
(945, '1723734835', 'MHR19043306', 0, '0.0', '0.0', '0.0', '78.40', 'I', '1', 2017),
(946, '1723734836', 'MHR19043306', 0, '0.0', '0.0', '0.0', '5.00', 'I', '1', 2017),
(947, '1723734837', 'MHR19043306', 0, '0.0', '0.0', '0.0', '82.30', 'I', '1', 2017),
(948, '1723734838', 'MHR19043306', 0, '0.0', '0.0', '0.0', '0.00', 'I', '1', 2017),
(949, '1723734839', 'MHR19043306', 0, '0.0', '0.0', '0.0', '60.20', 'I', '1', 2017),
(950, '1723734840', 'MHR19043306', 0, '0.0', '0.0', '0.0', '81.40', 'I', '1', 2017),
(951, '1723734841', 'MHR19043306', 0, '0.0', '0.0', '0.0', '82.00', 'I', '1', 2017),
(952, '1723734842', 'MHR19043306', 0, '0.0', '0.0', '0.0', '71.30', 'I', '1', 2017),
(953, '1723734843', 'MHR19043306', 0, '0.0', '0.0', '0.0', '78.00', 'I', '1', 2017),
(954, '1723734844', 'MHR19043306', 0, '0.0', '0.0', '0.0', '79.00', 'I', '1', 2017),
(955, '1723734845', 'MHR19043306', 0, '0.0', '0.0', '0.0', '78.40', 'I', '1', 2017),
(956, '1723734846', 'MHR19043306', 0, '0.0', '0.0', '0.0', '82.00', 'I', '1', 2017),
(957, '1723734847', 'MHR19043306', 0, '0.0', '0.0', '0.0', '79.00', 'I', '1', 2017),
(958, '1723734848', 'MHR19043306', 0, '0.0', '0.0', '0.0', '76.00', 'I', '1', 2017),
(959, '1723734849', 'MHR19043306', 0, '0.0', '0.0', '0.0', '77.00', 'I', '1', 2017),
(960, '1723734850', 'MHR19043306', 0, '0.0', '0.0', '0.0', '69.40', 'I', '1', 2017),
(961, '1723734851', 'MHR19043306', 0, '0.0', '0.0', '0.0', '78.00', 'I', '1', 2017),
(962, '1723734852', 'MHR19043306', 0, '0.0', '0.0', '0.0', '81.30', 'I', '1', 2017),
(963, '1723734853', 'MHR19043306', 0, '0.0', '0.0', '0.0', '80.00', 'I', '1', 2017),
(964, '1723734854', 'MHR19043306', 0, '0.0', '0.0', '0.0', '79.00', 'I', '1', 2017),
(965, '1723734855', 'MHR19043306', 0, '0.0', '0.0', '0.0', '78.00', 'I', '1', 2017),
(966, '1723734826', 'MHR19043307', 0, '0.0', '0.0', '0.0', '63.20', 'I', '1', 2017),
(967, '1723734827', 'MHR19043307', 0, '0.0', '0.0', '0.0', '79.40', 'I', '1', 2017),
(968, '1723734828', 'MHR19043307', 0, '0.0', '0.0', '0.0', '66.00', 'I', '1', 2017),
(969, '1723734829', 'MHR19043307', 0, '0.0', '0.0', '0.0', '65.20', 'I', '1', 2017),
(970, '1723734830', 'MHR19043307', 0, '0.0', '0.0', '0.0', '66.40', 'I', '1', 2017),
(971, '1723734831', 'MHR19043307', 0, '0.0', '0.0', '0.0', '0.00', 'I', '1', 2017),
(972, '1723734832', 'MHR19043307', 0, '0.0', '0.0', '0.0', '73.00', 'I', '1', 2017),
(973, '1723734833', 'MHR19043307', 0, '0.0', '0.0', '0.0', '67.00', 'I', '1', 2017),
(974, '1723734834', 'MHR19043307', 0, '0.0', '0.0', '0.0', '66.40', 'I', '1', 2017),
(975, '1723734835', 'MHR19043307', 0, '0.0', '0.0', '0.0', '74.00', 'I', '1', 2017),
(976, '1723734836', 'MHR19043307', 0, '0.0', '0.0', '0.0', '0.00', 'I', '1', 2017),
(977, '1723734837', 'MHR19043307', 0, '0.0', '0.0', '0.0', '75.20', 'I', '1', 2017),
(978, '1723734838', 'MHR19043307', 0, '0.0', '0.0', '0.0', '41.00', 'I', '1', 2017),
(979, '1723734839', 'MHR19043307', 0, '0.0', '0.0', '0.0', '73.40', 'I', '1', 2017),
(980, '1723734840', 'MHR19043307', 0, '0.0', '0.0', '0.0', '64.00', 'I', '1', 2017),
(981, '1723734841', 'MHR19043307', 0, '0.0', '0.0', '0.0', '75.00', 'I', '1', 2017),
(982, '1723734842', 'MHR19043307', 0, '0.0', '0.0', '0.0', '65.40', 'I', '1', 2017),
(983, '1723734843', 'MHR19043307', 0, '0.0', '0.0', '0.0', '68.40', 'I', '1', 2017),
(984, '1723734844', 'MHR19043307', 0, '0.0', '0.0', '0.0', '69.20', 'I', '1', 2017),
(985, '1723734845', 'MHR19043307', 0, '0.0', '0.0', '0.0', '63.40', 'I', '1', 2017),
(986, '1723734846', 'MHR19043307', 0, '0.0', '0.0', '0.0', '64.40', 'I', '1', 2017),
(987, '1723734847', 'MHR19043307', 0, '0.0', '0.0', '0.0', '65.00', 'I', '1', 2017),
(988, '1723734848', 'MHR19043307', 0, '0.0', '0.0', '0.0', '70.00', 'I', '1', 2017),
(989, '1723734849', 'MHR19043307', 0, '0.0', '0.0', '0.0', '75.00', 'I', '1', 2017),
(990, '1723734850', 'MHR19043307', 0, '0.0', '0.0', '0.0', '66.20', 'I', '1', 2017),
(991, '1723734851', 'MHR19043307', 0, '0.0', '0.0', '0.0', '70.40', 'I', '1', 2017),
(992, '1723734852', 'MHR19043307', 0, '0.0', '0.0', '0.0', '74.00', 'I', '1', 2017),
(993, '1723734853', 'MHR19043307', 0, '0.0', '0.0', '0.0', '74.00', 'I', '1', 2017),
(994, '1723734854', 'MHR19043307', 0, '0.0', '0.0', '0.0', '73.40', 'I', '1', 2017),
(995, '1723734855', 'MHR19043307', 0, '0.0', '0.0', '0.0', '73.00', 'I', '1', 2017),
(996, '1723734826', 'MST39043329', 0, '0.0', '0.0', '0.0', '77.00', 'III', '1', 2018),
(997, '1723734827', 'MST39043329', 0, '0.0', '0.0', '0.0', '70.00', 'III', '1', 2018),
(998, '1723734828', 'MST39043329', 0, '0.0', '0.0', '0.0', '70.00', 'III', '1', 2018),
(999, '1723734829', 'MST39043329', 0, '0.0', '0.0', '0.0', '70.00', 'III', '1', 2018),
(1000, '1723734830', 'MST39043329', 0, '0.0', '0.0', '0.0', '45.00', 'III', '1', 2018),
(1001, '1723734832', 'MST39043329', 0, '0.0', '0.0', '0.0', '70.00', 'III', '1', 2018),
(1002, '1723734833', 'MST39043329', 0, '0.0', '0.0', '0.0', '70.00', 'III', '1', 2018),
(1003, '1723734834', 'MST39043329', 0, '0.0', '0.0', '0.0', '70.00', 'III', '1', 2018),
(1004, '1723734835', 'MST39043329', 0, '0.0', '0.0', '0.0', '70.00', 'III', '1', 2018),
(1005, '1723734837', 'MST39043329', 0, '0.0', '0.0', '0.0', '70.00', 'III', '1', 2018),
(1006, '1723734839', 'MST39043329', 0, '0.0', '0.0', '0.0', '70.00', 'III', '1', 2018),
(1007, '1723734840', 'MST39043329', 0, '0.0', '0.0', '0.0', '70.00', 'III', '1', 2018),
(1008, '1723734841', 'MST39043329', 0, '0.0', '0.0', '0.0', '80.00', 'III', '1', 2018),
(1009, '1723734843', 'MST39043329', 0, '0.0', '0.0', '0.0', '80.00', 'III', '1', 2018),
(1010, '1723734844', 'MST39043329', 0, '0.0', '0.0', '0.0', '70.00', 'III', '1', 2018),
(1011, '1723734845', 'MST39043329', 0, '0.0', '0.0', '0.0', '60.00', 'III', '1', 2018),
(1012, '1723734846', 'MST39043329', 0, '0.0', '0.0', '0.0', '77.00', 'III', '1', 2018),
(1013, '1723734847', 'MST39043329', 0, '0.0', '0.0', '0.0', '70.00', 'III', '1', 2018),
(1014, '1723734848', 'MST39043329', 0, '0.0', '0.0', '0.0', '77.00', 'III', '1', 2018),
(1015, '1723734849', 'MST39043329', 0, '0.0', '0.0', '0.0', '70.00', 'III', '1', 2018),
(1016, '1723734850', 'MST39043329', 0, '0.0', '0.0', '0.0', '70.00', 'III', '1', 2018),
(1017, '1723734851', 'MST39043329', 0, '0.0', '0.0', '0.0', '70.00', 'III', '1', 2018),
(1018, '1723734852', 'MST39043329', 0, '0.0', '0.0', '0.0', '70.00', 'III', '1', 2018),
(1019, '1723734853', 'MST39043329', 0, '0.0', '0.0', '0.0', '70.00', 'III', '1', 2018),
(1020, '1723734854', 'MST39043329', 0, '0.0', '0.0', '0.0', '70.00', 'III', '1', 2018),
(1021, '1723734855', 'MST39043329', 0, '0.0', '0.0', '0.0', '77.00', 'III', '1', 2018),
(1022, '1723734826', 'MST39043328', 0, '0.0', '0.0', '0.0', '67.02', 'III', '1', 2018),
(1023, '1723734827', 'MST39043328', 0, '0.0', '0.0', '0.0', '76.17', 'III', '1', 2018),
(1024, '1723734828', 'MST39043328', 0, '0.0', '0.0', '0.0', '69.80', 'III', '1', 2018),
(1025, '1723734829', 'MST39043328', 0, '0.0', '0.0', '0.0', '69.80', 'III', '1', 2018),
(1026, '1723734830', 'MST39043328', 0, '0.0', '0.0', '0.0', '40.69', 'III', '1', 2018),
(1027, '1723734832', 'MST39043328', 0, '0.0', '0.0', '0.0', '67.58', 'III', '1', 2018),
(1028, '1723734833', 'MST39043328', 0, '0.0', '0.0', '0.0', '69.80', 'III', '1', 2018),
(1029, '1723734834', 'MST39043328', 0, '0.0', '0.0', '0.0', '69.80', 'III', '1', 2018),
(1030, '1723734835', 'MST39043328', 0, '0.0', '0.0', '0.0', '69.80', 'III', '1', 2018),
(1031, '1723734837', 'MST39043328', 0, '0.0', '0.0', '0.0', '69.80', 'III', '1', 2018),
(1032, '1723734839', 'MST39043328', 0, '0.0', '0.0', '0.0', '69.80', 'III', '1', 2018),
(1033, '1723734840', 'MST39043328', 0, '0.0', '0.0', '0.0', '66.33', 'III', '1', 2018),
(1034, '1723734841', 'MST39043328', 0, '0.0', '0.0', '0.0', '69.24', 'III', '1', 2018),
(1035, '1723734843', 'MST39043328', 0, '0.0', '0.0', '0.0', '69.80', 'III', '1', 2018),
(1036, '1723734844', 'MST39043328', 0, '0.0', '0.0', '0.0', '69.24', 'III', '1', 2018),
(1037, '1723734845', 'MST39043328', 0, '0.0', '0.0', '0.0', '69.24', 'III', '1', 2018),
(1038, '1723734846', 'MST39043328', 0, '0.0', '0.0', '0.0', '72.00', 'III', '1', 2018),
(1039, '1723734847', 'MST39043328', 0, '0.0', '0.0', '0.0', '69.80', 'III', '1', 2018),
(1040, '1723734848', 'MST39043328', 0, '0.0', '0.0', '0.0', '69.80', 'III', '1', 2018),
(1041, '1723734849', 'MST39043328', 0, '0.0', '0.0', '0.0', '69.80', 'III', '1', 2018),
(1042, '1723734850', 'MST39043328', 0, '0.0', '0.0', '0.0', '67.58', 'III', '1', 2018),
(1043, '1723734851', 'MST39043328', 0, '0.0', '0.0', '0.0', '68.13', 'III', '1', 2018),
(1044, '1723734852', 'MST39043328', 0, '0.0', '0.0', '0.0', '67.58', 'III', '1', 2018),
(1045, '1723734853', 'MST39043328', 0, '0.0', '0.0', '0.0', '69.80', 'III', '1', 2018),
(1046, '1723734854', 'MST39043328', 0, '0.0', '0.0', '0.0', '68.13', 'III', '1', 2018),
(1047, '1723734855', 'MST39043328', 0, '0.0', '0.0', '0.0', '69.80', 'III', '1', 2018),
(1048, '1723734826', 'MSK39043325', 0, '0.0', '0.0', '0.0', '61.00', 'III', '1', 2018),
(1049, '1723734827', 'MSK39043325', 0, '0.0', '0.0', '0.0', '82.00', 'III', '1', 2018),
(1050, '1723734828', 'MSK39043325', 0, '0.0', '0.0', '0.0', '72.00', 'III', '1', 2018),
(1051, '1723734829', 'MSK39043325', 0, '0.0', '0.0', '0.0', '59.00', 'III', '1', 2018),
(1052, '1723734830', 'MSK39043325', 0, '0.0', '0.0', '0.0', '27.00', 'III', '1', 2018),
(1053, '1723734832', 'MSK39043325', 0, '0.0', '0.0', '0.0', '51.00', 'III', '1', 2018),
(1054, '1723734833', 'MSK39043325', 0, '0.0', '0.0', '0.0', '83.00', 'III', '1', 2018),
(1055, '1723734834', 'MSK39043325', 0, '0.0', '0.0', '0.0', '53.00', 'III', '1', 2018),
(1056, '1723734835', 'MSK39043325', 0, '0.0', '0.0', '0.0', '64.00', 'III', '1', 2018),
(1057, '1723734837', 'MSK39043325', 0, '0.0', '0.0', '0.0', '70.00', 'III', '1', 2018),
(1058, '1723734839', 'MSK39043325', 0, '0.0', '0.0', '0.0', '63.00', 'III', '1', 2018),
(1059, '1723734840', 'MSK39043325', 0, '0.0', '0.0', '0.0', '60.00', 'III', '1', 2018),
(1060, '1723734841', 'MSK39043325', 0, '0.0', '0.0', '0.0', '65.00', 'III', '1', 2018),
(1061, '1723734843', 'MSK39043325', 0, '0.0', '0.0', '0.0', '82.00', 'III', '1', 2018),
(1062, '1723734844', 'MSK39043325', 0, '0.0', '0.0', '0.0', '73.00', 'III', '1', 2018),
(1063, '1723734845', 'MSK39043325', 0, '0.0', '0.0', '0.0', '44.00', 'III', '1', 2018),
(1064, '1723734846', 'MSK39043325', 0, '0.0', '0.0', '0.0', '74.00', 'III', '1', 2018),
(1065, '1723734847', 'MSK39043325', 0, '0.0', '0.0', '0.0', '76.00', 'III', '1', 2018),
(1066, '1723734848', 'MSK39043325', 0, '0.0', '0.0', '0.0', '65.00', 'III', '1', 2018),
(1067, '1723734849', 'MSK39043325', 0, '0.0', '0.0', '0.0', '62.00', 'III', '1', 2018),
(1068, '1723734850', 'MSK39043325', 0, '0.0', '0.0', '0.0', '50.00', 'III', '1', 2018),
(1069, '1723734851', 'MSK39043325', 0, '0.0', '0.0', '0.0', '45.00', 'III', '1', 2018),
(1070, '1723734852', 'MSK39043325', 0, '0.0', '0.0', '0.0', '61.00', 'III', '1', 2018),
(1071, '1723734853', 'MSK39043325', 0, '0.0', '0.0', '0.0', '62.00', 'III', '1', 2018),
(1072, '1723734854', 'MSK39043325', 0, '0.0', '0.0', '0.0', '71.00', 'III', '1', 2018),
(1073, '1723734855', 'MSK39043325', 0, '0.0', '0.0', '0.0', '67.00', 'III', '1', 2018),
(1075, '1723734826', 'MSK39043332', 0, '0.0', '0.0', '0.0', '69.00', 'III', '1', 2018),
(1076, '1723734827', 'MSK39043332', 0, '0.0', '0.0', '0.0', '70.00', 'III', '1', 2018),
(1077, '1723734828', 'MSK39043332', 0, '0.0', '0.0', '0.0', '70.00', 'III', '1', 2018),
(1078, '1723734829', 'MSK39043332', 0, '0.0', '0.0', '0.0', '69.00', 'III', '1', 2018),
(1079, '1723734830', 'MSK39043332', 0, '0.0', '0.0', '0.0', '15.56', 'III', '1', 2018),
(1080, '1723734832', 'MSK39043332', 0, '0.0', '0.0', '0.0', '60.00', 'III', '1', 2018),
(1081, '1723734833', 'MSK39043332', 0, '0.0', '0.0', '0.0', '69.00', 'III', '1', 2018),
(1082, '1723734834', 'MSK39043332', 0, '0.0', '0.0', '0.0', '65.00', 'III', '1', 2018),
(1083, '1723734835', 'MSK39043332', 0, '0.0', '0.0', '0.0', '60.00', 'III', '1', 2018),
(1084, '1723734837', 'MSK39043332', 0, '0.0', '0.0', '0.0', '65.00', 'III', '1', 2018),
(1085, '1723734839', 'MSK39043332', 0, '0.0', '0.0', '0.0', '70.00', 'III', '1', 2018),
(1086, '1723734840', 'MSK39043332', 0, '0.0', '0.0', '0.0', '60.00', 'III', '1', 2018),
(1087, '1723734841', 'MSK39043332', 0, '0.0', '0.0', '0.0', '69.00', 'III', '1', 2018),
(1088, '1723734843', 'MSK39043332', 0, '0.0', '0.0', '0.0', '81.00', 'III', '1', 2018),
(1089, '1723734844', 'MSK39043332', 0, '0.0', '0.0', '0.0', '60.00', 'III', '1', 2018),
(1090, '1723734845', 'MSK39043332', 0, '0.0', '0.0', '0.0', '56.00', 'III', '1', 2018),
(1091, '1723734846', 'MSK39043332', 0, '0.0', '0.0', '0.0', '68.00', 'III', '1', 2018),
(1092, '1723734847', 'MSK39043332', 0, '0.0', '0.0', '0.0', '68.00', 'III', '1', 2018),
(1093, '1723734848', 'MSK39043332', 0, '0.0', '0.0', '0.0', '65.00', 'III', '1', 2018);
INSERT INTO `khs` (`id`, `nim`, `kodemk`, `khd`, `tg`, `uts`, `uas`, `am`, `semester`, `status`, `takademik`) VALUES
(1094, '1723734849', 'MSK39043332', 0, '0.0', '0.0', '0.0', '68.00', 'III', '1', 2018),
(1095, '1723734850', 'MSK39043332', 0, '0.0', '0.0', '0.0', '65.00', 'III', '1', 2018),
(1096, '1723734851', 'MSK39043332', 0, '0.0', '0.0', '0.0', '65.00', 'III', '1', 2018),
(1097, '1723734852', 'MSK39043332', 0, '0.0', '0.0', '0.0', '63.00', 'III', '1', 2018),
(1098, '1723734853', 'MSK39043332', 0, '0.0', '0.0', '0.0', '68.00', 'III', '1', 2018),
(1099, '1723734854', 'MSK39043332', 0, '0.0', '0.0', '0.0', '60.00', 'III', '1', 2018),
(1100, '1723734855', 'MSK39043332', 0, '0.0', '0.0', '0.0', '68.00', 'III', '1', 2018),
(1101, '1723734826', 'MSK39043323', 0, '0.0', '0.0', '0.0', '68.15', 'III', '1', 2018),
(1102, '1723734827', 'MSK39043323', 0, '0.0', '0.0', '0.0', '80.61', 'III', '1', 2018),
(1103, '1723734828', 'MSK39043323', 0, '0.0', '0.0', '0.0', '85.00', 'III', '1', 2018),
(1104, '1723734829', 'MSK39043323', 0, '0.0', '0.0', '0.0', '73.24', 'III', '1', 2018),
(1105, '1723734830', 'MSK39043323', 0, '0.0', '0.0', '0.0', '45.82', 'III', '1', 2018),
(1106, '1723734832', 'MSK39043323', 0, '0.0', '0.0', '0.0', '73.24', 'III', '1', 2018),
(1107, '1723734833', 'MSK39043323', 0, '0.0', '0.0', '0.0', '80.61', 'III', '1', 2018),
(1108, '1723734834', 'MSK39043323', 0, '0.0', '0.0', '0.0', '85.00', 'III', '1', 2018),
(1109, '1723734835', 'MSK39043323', 0, '0.0', '0.0', '0.0', '73.82', 'III', '1', 2018),
(1110, '1723734837', 'MSK39043323', 0, '0.0', '0.0', '0.0', '79.41', 'III', '1', 2018),
(1111, '1723734839', 'MSK39043323', 0, '0.0', '0.0', '0.0', '80.61', 'III', '1', 2018),
(1112, '1723734840', 'MSK39043323', 0, '0.0', '0.0', '0.0', '73.82', 'III', '1', 2018),
(1113, '1723734841', 'MSK39043323', 0, '0.0', '0.0', '0.0', '85.00', 'III', '1', 2018),
(1114, '1723734843', 'MSK39043323', 0, '0.0', '0.0', '0.0', '81.00', 'III', '1', 2018),
(1115, '1723734844', 'MSK39043323', 0, '0.0', '0.0', '0.0', '79.41', 'III', '1', 2018),
(1116, '1723734845', 'MSK39043323', 0, '0.0', '0.0', '0.0', '62.74', 'III', '1', 2018),
(1117, '1723734846', 'MSK39043323', 0, '0.0', '0.0', '0.0', '85.00', 'III', '1', 2018),
(1118, '1723734847', 'MSK39043323', 0, '0.0', '0.0', '0.0', '85.00', 'III', '1', 2018),
(1119, '1723734848', 'MSK39043323', 0, '0.0', '0.0', '0.0', '85.00', 'III', '1', 2018),
(1120, '1723734849', 'MSK39043323', 0, '0.0', '0.0', '0.0', '79.41', 'III', '1', 2018),
(1121, '1723734850', 'MSK39043323', 0, '0.0', '0.0', '0.0', '67.56', 'III', '1', 2018),
(1122, '1723734851', 'MSK39043323', 0, '0.0', '0.0', '0.0', '73.82', 'III', '1', 2018),
(1123, '1723734852', 'MSK39043323', 0, '0.0', '0.0', '0.0', '81.41', 'III', '1', 2018),
(1124, '1723734853', 'MSK39043323', 0, '0.0', '0.0', '0.0', '85.00', 'III', '1', 2018),
(1125, '1723734854', 'MSK39043323', 0, '0.0', '0.0', '0.0', '85.00', 'III', '1', 2018),
(1126, '1723734855', 'MSK39043323', 0, '0.0', '0.0', '0.0', '85.00', 'III', '1', 2018),
(1127, '1723734826', 'MSK39043321', 0, '0.0', '0.0', '0.0', '75.20', 'III', '1', 2018),
(1128, '1723734827', 'MSK39043321', 0, '0.0', '0.0', '0.0', '85.00', 'III', '1', 2018),
(1129, '1723734828', 'MSK39043321', 0, '0.0', '0.0', '0.0', '85.00', 'III', '1', 2018),
(1130, '1723734829', 'MSK39043321', 0, '0.0', '0.0', '0.0', '84.20', 'III', '1', 2018),
(1131, '1723734830', 'MSK39043321', 0, '0.0', '0.0', '0.0', '46.11', 'III', '1', 2018),
(1132, '1723734832', 'MSK39043321', 0, '0.0', '0.0', '0.0', '68.40', 'III', '1', 2018),
(1133, '1723734833', 'MSK39043321', 0, '0.0', '0.0', '0.0', '85.00', 'III', '1', 2018),
(1134, '1723734834', 'MSK39043321', 0, '0.0', '0.0', '0.0', '85.00', 'III', '1', 2018),
(1135, '1723734835', 'MSK39043321', 0, '0.0', '0.0', '0.0', '83.00', 'III', '1', 2018),
(1136, '1723734837', 'MSK39043321', 0, '0.0', '0.0', '0.0', '84.20', 'III', '1', 2018),
(1137, '1723734839', 'MSK39043321', 0, '0.0', '0.0', '0.0', '84.20', 'III', '1', 2018),
(1138, '1723734840', 'MSK39043321', 0, '0.0', '0.0', '0.0', '65.44', 'III', '1', 2018),
(1139, '1723734841', 'MSK39043321', 0, '0.0', '0.0', '0.0', '84.20', 'III', '1', 2018),
(1140, '1723734843', 'MSK39043321', 0, '0.0', '0.0', '0.0', '85.00', 'III', '1', 2018),
(1141, '1723734844', 'MSK39043321', 0, '0.0', '0.0', '0.0', '82.44', 'III', '1', 2018),
(1142, '1723734845', 'MSK39043321', 0, '0.0', '0.0', '0.0', '62.30', 'III', '1', 2018),
(1143, '1723734846', 'MSK39043321', 0, '0.0', '0.0', '0.0', '84.20', 'III', '1', 2018),
(1144, '1723734847', 'MSK39043321', 0, '0.0', '0.0', '0.0', '85.00', 'III', '1', 2018),
(1145, '1723734848', 'MSK39043321', 0, '0.0', '0.0', '0.0', '84.20', 'III', '1', 2018),
(1146, '1723734849', 'MSK39043321', 0, '0.0', '0.0', '0.0', '84.20', 'III', '1', 2018),
(1147, '1723734850', 'MSK39043321', 0, '0.0', '0.0', '0.0', '82.53', 'III', '1', 2018),
(1148, '1723734851', 'MSK39043321', 0, '0.0', '0.0', '0.0', '65.44', 'III', '1', 2018),
(1149, '1723734852', 'MSK39043321', 0, '0.0', '0.0', '0.0', '83.40', 'III', '1', 2018),
(1150, '1723734853', 'MSK39043321', 0, '0.0', '0.0', '0.0', '84.20', 'III', '1', 2018),
(1151, '1723734854', 'MSK39043321', 0, '0.0', '0.0', '0.0', '80.44', 'III', '1', 2018),
(1152, '1723734855', 'MSK39043321', 0, '0.0', '0.0', '0.0', '84.44', 'III', '1', 2018),
(1154, '1723734826', 'MST39043320', 0, '0.0', '0.0', '0.0', '58.78', 'III', '1', 2018),
(1155, '1723734827', 'MST39043320', 0, '0.0', '0.0', '0.0', '82.00', 'III', '1', 2018),
(1156, '1723734828', 'MST39043320', 0, '0.0', '0.0', '0.0', '81.44', 'III', '1', 2018),
(1157, '1723734829', 'MST39043320', 0, '0.0', '0.0', '0.0', '76.83', 'III', '1', 2018),
(1158, '1723734830', 'MST39043320', 0, '0.0', '0.0', '0.0', '15.56', 'III', '1', 2018),
(1159, '1723734832', 'MST39043320', 0, '0.0', '0.0', '0.0', '59.89', 'III', '1', 2018),
(1160, '1723734833', 'MST39043320', 0, '0.0', '0.0', '0.0', '82.00', 'III', '1', 2018),
(1161, '1723734834', 'MST39043320', 0, '0.0', '0.0', '0.0', '81.44', 'III', '1', 2018),
(1162, '1723734835', 'MST39043320', 0, '0.0', '0.0', '0.0', '58.78', 'III', '1', 2018),
(1163, '1723734837', 'MST39043320', 0, '0.0', '0.0', '0.0', '81.44', 'III', '1', 2018),
(1164, '1723734839', 'MST39043320', 0, '0.0', '0.0', '0.0', '81.44', 'III', '1', 2018),
(1165, '1723734840', 'MST39043320', 0, '0.0', '0.0', '0.0', '57.67', 'III', '1', 2018),
(1166, '1723734841', 'MST39043320', 0, '0.0', '0.0', '0.0', '80.04', 'III', '1', 2018),
(1167, '1723734843', 'MST39043320', 0, '0.0', '0.0', '0.0', '82.00', 'III', '1', 2018),
(1168, '1723734844', 'MST39043320', 0, '0.0', '0.0', '0.0', '77.94', 'III', '1', 2018),
(1169, '1723734845', 'MST39043320', 0, '0.0', '0.0', '0.0', '56.00', 'III', '1', 2018),
(1170, '1723734846', 'MST39043320', 0, '0.0', '0.0', '0.0', '78.50', 'III', '1', 2018),
(1171, '1723734847', 'MST39043320', 0, '0.0', '0.0', '0.0', '82.00', 'III', '1', 2018),
(1172, '1723734848', 'MST39043320', 0, '0.0', '0.0', '0.0', '78.50', 'III', '1', 2018),
(1173, '1723734849', 'MST39043320', 0, '0.0', '0.0', '0.0', '80.04', 'III', '1', 2018),
(1174, '1723734850', 'MST39043320', 0, '0.0', '0.0', '0.0', '70.56', 'III', '1', 2018),
(1175, '1723734851', 'MST39043320', 0, '0.0', '0.0', '0.0', '59.33', 'III', '1', 2018),
(1176, '1723734852', 'MST39043320', 0, '0.0', '0.0', '0.0', '77.39', 'III', '1', 2018),
(1177, '1723734853', 'MST39043320', 0, '0.0', '0.0', '0.0', '81.44', 'III', '1', 2018),
(1178, '1723734854', 'MST39043320', 0, '0.0', '0.0', '0.0', '73.33', 'III', '1', 2018),
(1179, '1723734855', 'MST39043320', 0, '0.0', '0.0', '0.0', '77.94', 'III', '1', 2018),
(1181, '1723734826', 'MST49043336', 0, '0.0', '0.0', '0.0', '0.00', 'IV', '1', 2018),
(1182, '1723734827', 'MST49043336', 0, '0.0', '0.0', '0.0', '70.00', 'IV', '1', 2018),
(1183, '1723734828', 'MST49043336', 0, '0.0', '0.0', '0.0', '70.00', 'IV', '1', 2018),
(1184, '1723734829', 'MST49043336', 0, '0.0', '0.0', '0.0', '70.00', 'IV', '1', 2018),
(1185, '1723734832', 'MST49043336', 0, '0.0', '0.0', '0.0', '0.00', 'IV', '1', 2018),
(1186, '1723734833', 'MST49043336', 0, '0.0', '0.0', '0.0', '70.00', 'IV', '1', 2018),
(1187, '1723734834', 'MST49043336', 0, '0.0', '0.0', '0.0', '70.00', 'IV', '1', 2018),
(1188, '1723734835', 'MST49043336', 0, '0.0', '0.0', '0.0', '70.00', 'IV', '1', 2018),
(1189, '1723734837', 'MST49043336', 0, '0.0', '0.0', '0.0', '70.00', 'IV', '1', 2018),
(1190, '1723734839', 'MST49043336', 0, '0.0', '0.0', '0.0', '70.00', 'IV', '1', 2018),
(1191, '1723734840', 'MST49043336', 0, '0.0', '0.0', '0.0', '0.00', 'IV', '1', 2018),
(1192, '1723734841', 'MST49043336', 0, '0.0', '0.0', '0.0', '70.00', 'IV', '1', 2018),
(1193, '1723734843', 'MST49043336', 0, '0.0', '0.0', '0.0', '70.00', 'IV', '1', 2018),
(1194, '1723734844', 'MST49043336', 0, '0.0', '0.0', '0.0', '70.00', 'IV', '1', 2018),
(1195, '1723734845', 'MST49043336', 0, '0.0', '0.0', '0.0', '70.00', 'IV', '1', 2018),
(1196, '1723734846', 'MST49043336', 0, '0.0', '0.0', '0.0', '70.00', 'IV', '1', 2018),
(1197, '1723734847', 'MST49043336', 0, '0.0', '0.0', '0.0', '70.00', 'IV', '1', 2018),
(1198, '1723734848', 'MST49043336', 0, '0.0', '0.0', '0.0', '70.00', 'IV', '1', 2018),
(1199, '1723734849', 'MST49043336', 0, '0.0', '0.0', '0.0', '70.00', 'IV', '1', 2018),
(1200, '1723734850', 'MST49043336', 0, '0.0', '0.0', '0.0', '0.00', 'IV', '1', 2018),
(1201, '1723734851', 'MST49043336', 0, '0.0', '0.0', '0.0', '0.00', 'IV', '1', 2018),
(1202, '1723734852', 'MST49043336', 0, '0.0', '0.0', '0.0', '70.00', 'IV', '1', 2018),
(1203, '1723734853', 'MST49043336', 0, '0.0', '0.0', '0.0', '70.00', 'IV', '1', 2018),
(1204, '1723734854', 'MST49043336', 0, '0.0', '0.0', '0.0', '0.00', 'IV', '1', 2018),
(1205, '1723734855', 'MST49043336', 0, '0.0', '0.0', '0.0', '70.00', 'IV', '1', 2018),
(1206, '1723734826', 'MST49043332', 0, '0.0', '0.0', '0.0', '31.11', 'IV', '1', 2018),
(1207, '1723734827', 'MST49043332', 0, '0.0', '0.0', '0.0', '77.63', 'IV', '1', 2018),
(1208, '1723734828', 'MST49043332', 0, '0.0', '0.0', '0.0', '76.46', 'IV', '1', 2018),
(1209, '1723734829', 'MST49043332', 0, '0.0', '0.0', '0.0', '70.19', 'IV', '1', 2018),
(1210, '1723734832', 'MST49043332', 0, '0.0', '0.0', '0.0', '32.33', 'IV', '1', 2018),
(1211, '1723734833', 'MST49043332', 0, '0.0', '0.0', '0.0', '76.43', 'IV', '1', 2018),
(1212, '1723734834', 'MST49043332', 0, '0.0', '0.0', '0.0', '76.00', 'IV', '1', 2018),
(1213, '1723734835', 'MST49043332', 0, '0.0', '0.0', '0.0', '70.71', 'IV', '1', 2018),
(1214, '1723734837', 'MST49043332', 0, '0.0', '0.0', '0.0', '76.31', 'IV', '1', 2018),
(1215, '1723734839', 'MST49043332', 0, '0.0', '0.0', '0.0', '76.19', 'IV', '1', 2018),
(1216, '1723734840', 'MST49043332', 0, '0.0', '0.0', '0.0', '36.17', 'IV', '1', 2018),
(1217, '1723734841', 'MST49043332', 0, '0.0', '0.0', '0.0', '82.00', 'IV', '1', 2018),
(1218, '1723734843', 'MST49043332', 0, '0.0', '0.0', '0.0', '81.61', 'IV', '1', 2018),
(1219, '1723734844', 'MST49043332', 0, '0.0', '0.0', '0.0', '71.38', 'IV', '1', 2018),
(1220, '1723734845', 'MST49043332', 0, '0.0', '0.0', '0.0', '70.89', 'IV', '1', 2018),
(1221, '1723734846', 'MST49043332', 0, '0.0', '0.0', '0.0', '77.00', 'IV', '1', 2018),
(1222, '1723734847', 'MST49043332', 0, '0.0', '0.0', '0.0', '73.34', 'IV', '1', 2018),
(1223, '1723734848', 'MST49043332', 0, '0.0', '0.0', '0.0', '79.61', 'IV', '1', 2018),
(1224, '1723734849', 'MST49043332', 0, '0.0', '0.0', '0.0', '72.79', 'IV', '1', 2018),
(1225, '1723734850', 'MST49043332', 0, '0.0', '0.0', '0.0', '43.64', 'IV', '1', 2018),
(1226, '1723734851', 'MST49043332', 0, '0.0', '0.0', '0.0', '31.33', 'IV', '1', 2018),
(1227, '1723734852', 'MST49043332', 0, '0.0', '0.0', '0.0', '70.80', 'IV', '1', 2018),
(1228, '1723734853', 'MST49043332', 0, '0.0', '0.0', '0.0', '78.44', 'IV', '1', 2018),
(1229, '1723734854', 'MST49043332', 0, '0.0', '0.0', '0.0', '29.56', 'IV', '1', 2018),
(1230, '1723734855', 'MST49043332', 0, '0.0', '0.0', '0.0', '73.72', 'IV', '1', 2018),
(1232, '1723734826', 'MSK49043323', 0, '0.0', '0.0', '0.0', '0.00', 'IV', '1', 2018),
(1233, '1723734827', 'MSK49043323', 0, '0.0', '0.0', '0.0', '70.00', 'IV', '1', 2018),
(1234, '1723734828', 'MSK49043323', 0, '0.0', '0.0', '0.0', '70.00', 'IV', '1', 2018),
(1235, '1723734829', 'MSK49043323', 0, '0.0', '0.0', '0.0', '70.00', 'IV', '1', 2018),
(1236, '1723734832', 'MSK49043323', 0, '0.0', '0.0', '0.0', '0.00', 'IV', '1', 2018),
(1237, '1723734833', 'MSK49043323', 0, '0.0', '0.0', '0.0', '70.00', 'IV', '1', 2018),
(1238, '1723734834', 'MSK49043323', 0, '0.0', '0.0', '0.0', '70.00', 'IV', '1', 2018),
(1239, '1723734835', 'MSK49043323', 0, '0.0', '0.0', '0.0', '70.00', 'IV', '1', 2018),
(1240, '1723734837', 'MSK49043323', 0, '0.0', '0.0', '0.0', '70.00', 'IV', '1', 2018),
(1241, '1723734839', 'MSK49043323', 0, '0.0', '0.0', '0.0', '70.00', 'IV', '1', 2018),
(1242, '1723734840', 'MSK49043323', 0, '0.0', '0.0', '0.0', '0.00', 'IV', '1', 2018),
(1243, '1723734841', 'MSK49043323', 0, '0.0', '0.0', '0.0', '70.00', 'IV', '1', 2018),
(1244, '1723734843', 'MSK49043323', 0, '0.0', '0.0', '0.0', '70.00', 'IV', '1', 2018),
(1245, '1723734844', 'MSK49043323', 0, '0.0', '0.0', '0.0', '70.00', 'IV', '1', 2018),
(1246, '1723734845', 'MSK49043323', 0, '0.0', '0.0', '0.0', '70.00', 'IV', '1', 2018),
(1247, '1723734846', 'MSK49043323', 0, '0.0', '0.0', '0.0', '70.00', 'IV', '1', 2018),
(1248, '1723734847', 'MSK49043323', 0, '0.0', '0.0', '0.0', '70.00', 'IV', '1', 2018),
(1249, '1723734848', 'MSK49043323', 0, '0.0', '0.0', '0.0', '70.00', 'IV', '1', 2018),
(1250, '1723734849', 'MSK49043323', 0, '0.0', '0.0', '0.0', '70.00', 'IV', '1', 2018),
(1251, '1723734850', 'MSK49043323', 0, '0.0', '0.0', '0.0', '0.00', 'IV', '1', 2018),
(1252, '1723734851', 'MSK49043323', 0, '0.0', '0.0', '0.0', '0.00', 'IV', '1', 2018),
(1253, '1723734852', 'MSK49043323', 0, '0.0', '0.0', '0.0', '70.00', 'IV', '1', 2018),
(1254, '1723734853', 'MSK49043323', 0, '0.0', '0.0', '0.0', '70.00', 'IV', '1', 2018),
(1255, '1723734854', 'MSK49043323', 0, '0.0', '0.0', '0.0', '0.00', 'IV', '1', 2018),
(1256, '1723734855', 'MSK49043323', 0, '0.0', '0.0', '0.0', '70.00', 'IV', '1', 2018),
(1257, '1723734826', 'MST49043330', 0, '0.0', '0.0', '0.0', '30.40', 'IV', '1', 2018),
(1258, '1723734827', 'MST49043330', 0, '0.0', '0.0', '0.0', '80.50', 'IV', '1', 2018),
(1259, '1723734828', 'MST49043330', 0, '0.0', '0.0', '0.0', '64.60', 'IV', '1', 2018),
(1260, '1723734829', 'MST49043330', 0, '0.0', '0.0', '0.0', '63.70', 'IV', '1', 2018),
(1261, '1723734832', 'MST49043330', 0, '0.0', '0.0', '0.0', '31.10', 'IV', '1', 2018),
(1262, '1723734833', 'MST49043330', 0, '0.0', '0.0', '0.0', '63.40', 'IV', '1', 2018),
(1263, '1723734834', 'MST49043330', 0, '0.0', '0.0', '0.0', '63.40', 'IV', '1', 2018),
(1264, '1723734835', 'MST49043330', 0, '0.0', '0.0', '0.0', '60.10', 'IV', '1', 2018),
(1265, '1723734837', 'MST49043330', 0, '0.0', '0.0', '0.0', '64.80', 'IV', '1', 2018),
(1266, '1723734839', 'MST49043330', 0, '0.0', '0.0', '0.0', '62.90', 'IV', '1', 2018),
(1267, '1723734840', 'MST49043330', 0, '0.0', '0.0', '0.0', '31.50', 'IV', '1', 2018),
(1268, '1723734841', 'MST49043330', 0, '0.0', '0.0', '0.0', '80.40', 'IV', '1', 2018),
(1269, '1723734843', 'MST49043330', 0, '0.0', '0.0', '0.0', '76.40', 'IV', '1', 2018),
(1270, '1723734844', 'MST49043330', 0, '0.0', '0.0', '0.0', '63.60', 'IV', '1', 2018),
(1271, '1723734845', 'MST49043330', 0, '0.0', '0.0', '0.0', '63.80', 'IV', '1', 2018),
(1272, '1723734846', 'MST49043330', 0, '0.0', '0.0', '0.0', '64.40', 'IV', '1', 2018),
(1273, '1723734847', 'MST49043330', 0, '0.0', '0.0', '0.0', '64.10', 'IV', '1', 2018),
(1274, '1723734848', 'MST49043330', 0, '0.0', '0.0', '0.0', '69.90', 'IV', '1', 2018),
(1275, '1723734849', 'MST49043330', 0, '0.0', '0.0', '0.0', '63.60', 'IV', '1', 2018),
(1276, '1723734850', 'MST49043330', 0, '0.0', '0.0', '0.0', '32.30', 'IV', '1', 2018),
(1277, '1723734851', 'MST49043330', 0, '0.0', '0.0', '0.0', '29.60', 'IV', '1', 2018),
(1278, '1723734852', 'MST49043330', 0, '0.0', '0.0', '0.0', '64.20', 'IV', '1', 2018),
(1279, '1723734853', 'MST49043330', 0, '0.0', '0.0', '0.0', '64.40', 'IV', '1', 2018),
(1280, '1723734854', 'MST49043330', 0, '0.0', '0.0', '0.0', '29.90', 'IV', '1', 2018),
(1281, '1723734855', 'MST49043330', 0, '0.0', '0.0', '0.0', '64.10', 'IV', '1', 2018),
(1282, '1723734826', 'MSK49043326', 0, '0.0', '0.0', '0.0', '28.22', 'IV', '1', 2018),
(1283, '1723734827', 'MSK49043326', 0, '0.0', '0.0', '0.0', '77.57', 'IV', '1', 2018),
(1284, '1723734828', 'MSK49043326', 0, '0.0', '0.0', '0.0', '70.68', 'IV', '1', 2018),
(1285, '1723734829', 'MSK49043326', 0, '0.0', '0.0', '0.0', '65.50', 'IV', '1', 2018),
(1286, '1723734832', 'MSK49043326', 0, '0.0', '0.0', '0.0', '28.28', 'IV', '1', 2018),
(1287, '1723734833', 'MSK49043326', 0, '0.0', '0.0', '0.0', '73.00', 'IV', '1', 2018),
(1288, '1723734834', 'MSK49043326', 0, '0.0', '0.0', '0.0', '73.00', 'IV', '1', 2018),
(1289, '1723734835', 'MSK49043326', 0, '0.0', '0.0', '0.0', '65.21', 'IV', '1', 2018),
(1290, '1723734837', 'MSK49043326', 0, '0.0', '0.0', '0.0', '76.50', 'IV', '1', 2018),
(1291, '1723734839', 'MSK49043326', 0, '0.0', '0.0', '0.0', '70.36', 'IV', '1', 2018),
(1292, '1723734840', 'MSK49043326', 0, '0.0', '0.0', '0.0', '30.94', 'IV', '1', 2018),
(1293, '1723734841', 'MSK49043326', 0, '0.0', '0.0', '0.0', '77.50', 'IV', '1', 2018),
(1294, '1723734843', 'MSK49043326', 0, '0.0', '0.0', '0.0', '80.80', 'IV', '1', 2018),
(1295, '1723734844', 'MSK49043326', 0, '0.0', '0.0', '0.0', '71.64', 'IV', '1', 2018),
(1296, '1723734845', 'MSK49043326', 0, '0.0', '0.0', '0.0', '65.67', 'IV', '1', 2018),
(1297, '1723734846', 'MSK49043326', 0, '0.0', '0.0', '0.0', '71.30', 'IV', '1', 2018),
(1298, '1723734847', 'MSK49043326', 0, '0.0', '0.0', '0.0', '70.82', 'IV', '1', 2018),
(1299, '1723734848', 'MSK49043326', 0, '0.0', '0.0', '0.0', '77.50', 'IV', '1', 2018),
(1300, '1723734849', 'MSK49043326', 0, '0.0', '0.0', '0.0', '71.00', 'IV', '1', 2018),
(1301, '1723734850', 'MSK49043326', 0, '0.0', '0.0', '0.0', '31.71', 'IV', '1', 2018),
(1302, '1723734851', 'MSK49043326', 0, '0.0', '0.0', '0.0', '29.00', 'IV', '1', 2018),
(1303, '1723734852', 'MSK49043326', 0, '0.0', '0.0', '0.0', '63.44', 'IV', '1', 2018),
(1304, '1723734853', 'MSK49043326', 0, '0.0', '0.0', '0.0', '77.50', 'IV', '1', 2018),
(1305, '1723734854', 'MSK49043326', 0, '0.0', '0.0', '0.0', '29.90', 'IV', '1', 2018),
(1306, '1723734855', 'MSK49043326', 0, '0.0', '0.0', '0.0', '72.32', 'IV', '1', 2018),
(1307, '1723734826', 'MSK49043322', 0, '0.0', '0.0', '0.0', '0.00', 'IV', '1', 2018),
(1308, '1723734827', 'MSK49043322', 0, '0.0', '0.0', '0.0', '77.54', 'IV', '1', 2018),
(1309, '1723734828', 'MSK49043322', 0, '0.0', '0.0', '0.0', '83.88', 'IV', '1', 2018),
(1310, '1723734829', 'MSK49043322', 0, '0.0', '0.0', '0.0', '76.50', 'IV', '1', 2018),
(1311, '1723734832', 'MSK49043322', 0, '0.0', '0.0', '0.0', '0.00', 'IV', '1', 2018),
(1312, '1723734833', 'MSK49043322', 0, '0.0', '0.0', '0.0', '82.93', 'IV', '1', 2018),
(1313, '1723734834', 'MSK49043322', 0, '0.0', '0.0', '0.0', '76.50', 'IV', '1', 2018),
(1314, '1723734835', 'MSK49043322', 0, '0.0', '0.0', '0.0', '76.93', 'IV', '1', 2018),
(1315, '1723734837', 'MSK49043322', 0, '0.0', '0.0', '0.0', '76.50', 'IV', '1', 2018),
(1316, '1723734839', 'MSK49043322', 0, '0.0', '0.0', '0.0', '80.04', 'IV', '1', 2018),
(1317, '1723734840', 'MSK49043322', 0, '0.0', '0.0', '0.0', '0.00', 'IV', '1', 2018),
(1318, '1723734841', 'MSK49043322', 0, '0.0', '0.0', '0.0', '83.88', 'IV', '1', 2018),
(1319, '1723734843', 'MSK49043322', 0, '0.0', '0.0', '0.0', '88.28', 'IV', '1', 2018),
(1320, '1723734844', 'MSK49043322', 0, '0.0', '0.0', '0.0', '82.45', 'IV', '1', 2018),
(1321, '1723734845', 'MSK49043322', 0, '0.0', '0.0', '0.0', '75.58', 'IV', '1', 2018),
(1322, '1723734846', 'MSK49043322', 0, '0.0', '0.0', '0.0', '82.04', 'IV', '1', 2018),
(1323, '1723734847', 'MSK49043322', 0, '0.0', '0.0', '0.0', '85.17', 'IV', '1', 2018),
(1324, '1723734848', 'MSK49043322', 0, '0.0', '0.0', '0.0', '80.67', 'IV', '1', 2018),
(1325, '1723734849', 'MSK49043322', 0, '0.0', '0.0', '0.0', '76.21', 'IV', '1', 2018),
(1326, '1723734850', 'MSK49043322', 0, '0.0', '0.0', '0.0', '0.00', 'IV', '1', 2018),
(1327, '1723734851', 'MSK49043322', 0, '0.0', '0.0', '0.0', '0.00', 'IV', '1', 2018),
(1328, '1723734852', 'MSK49043322', 0, '0.0', '0.0', '0.0', '80.03', 'IV', '1', 2018),
(1329, '1723734853', 'MSK49043322', 0, '0.0', '0.0', '0.0', '80.67', 'IV', '1', 2018),
(1330, '1723734854', 'MSK49043322', 0, '0.0', '0.0', '0.0', '0.00', 'IV', '1', 2018),
(1331, '1723734855', 'MSK49043322', 0, '0.0', '0.0', '0.0', '76.50', 'IV', '1', 2018),
(1332, '1723734826', 'MHR59043309', 0, '0.0', '0.0', '0.0', '80.00', 'IV', '1', 2018),
(1333, '1723734827', 'MHR59043309', 0, '0.0', '0.0', '0.0', '87.00', 'IV', '1', 2018),
(1334, '1723734828', 'MHR59043309', 0, '0.0', '0.0', '0.0', '82.00', 'IV', '1', 2018),
(1335, '1723734829', 'MHR59043309', 0, '0.0', '0.0', '0.0', '80.00', 'IV', '1', 2018),
(1336, '1723734832', 'MHR59043309', 0, '0.0', '0.0', '0.0', '88.00', 'IV', '1', 2018),
(1337, '1723734833', 'MHR59043309', 0, '0.0', '0.0', '0.0', '80.00', 'IV', '1', 2018),
(1338, '1723734834', 'MHR59043309', 0, '0.0', '0.0', '0.0', '80.00', 'IV', '1', 2018),
(1339, '1723734835', 'MHR59043309', 0, '0.0', '0.0', '0.0', '80.00', 'IV', '1', 2018),
(1340, '1723734837', 'MHR59043309', 0, '0.0', '0.0', '0.0', '80.00', 'IV', '1', 2018),
(1341, '1723734839', 'MHR59043309', 0, '0.0', '0.0', '0.0', '82.00', 'IV', '1', 2018),
(1342, '1723734840', 'MHR59043309', 0, '0.0', '0.0', '0.0', '70.00', 'IV', '1', 2018),
(1343, '1723734841', 'MHR59043309', 0, '0.0', '0.0', '0.0', '82.00', 'IV', '1', 2018),
(1344, '1723734843', 'MHR59043309', 0, '0.0', '0.0', '0.0', '87.00', 'IV', '1', 2018),
(1345, '1723734844', 'MHR59043309', 0, '0.0', '0.0', '0.0', '79.00', 'IV', '1', 2018),
(1346, '1723734845', 'MHR59043309', 0, '0.0', '0.0', '0.0', '70.00', 'IV', '1', 2018),
(1347, '1723734846', 'MHR59043309', 0, '0.0', '0.0', '0.0', '80.00', 'IV', '1', 2018),
(1348, '1723734847', 'MHR59043309', 0, '0.0', '0.0', '0.0', '80.00', 'IV', '1', 2018),
(1349, '1723734848', 'MHR59043309', 0, '0.0', '0.0', '0.0', '80.00', 'IV', '1', 2018),
(1350, '1723734849', 'MHR59043309', 0, '0.0', '0.0', '0.0', '80.00', 'IV', '1', 2018),
(1351, '1723734850', 'MHR59043309', 0, '0.0', '0.0', '0.0', '70.00', 'IV', '1', 2018),
(1352, '1723734851', 'MHR59043309', 0, '0.0', '0.0', '0.0', '88.00', 'IV', '1', 2018),
(1353, '1723734852', 'MHR59043309', 0, '0.0', '0.0', '0.0', '79.00', 'IV', '1', 2018),
(1354, '1723734853', 'MHR59043309', 0, '0.0', '0.0', '0.0', '82.00', 'IV', '1', 2018),
(1355, '1723734854', 'MHR59043309', 0, '0.0', '0.0', '0.0', '80.00', 'IV', '1', 2018),
(1356, '1723734855', 'MHR59043309', 0, '0.0', '0.0', '0.0', '85.00', 'IV', '1', 2018),
(1357, '1723734826', 'MSD49043304', 0, '0.0', '0.0', '0.0', '76.00', 'IV', '1', 2018),
(1358, '1723734827', 'MSD49043304', 0, '0.0', '0.0', '0.0', '79.65', 'IV', '1', 2018),
(1359, '1723734828', 'MSD49043304', 0, '0.0', '0.0', '0.0', '76.90', 'IV', '1', 2018),
(1360, '1723734829', 'MSD49043304', 0, '0.0', '0.0', '0.0', '74.10', 'IV', '1', 2018),
(1361, '1723734832', 'MSD49043304', 0, '0.0', '0.0', '0.0', '0.00', 'IV', '1', 2018),
(1362, '1723734833', 'MSD49043304', 0, '0.0', '0.0', '0.0', '76.50', 'IV', '1', 2018),
(1363, '1723734834', 'MSD49043304', 0, '0.0', '0.0', '0.0', '71.10', 'IV', '1', 2018),
(1364, '1723734835', 'MSD49043304', 0, '0.0', '0.0', '0.0', '68.25', 'IV', '1', 2018),
(1365, '1723734837', 'MSD49043304', 0, '0.0', '0.0', '0.0', '81.25', 'IV', '1', 2018),
(1366, '1723734839', 'MSD49043304', 0, '0.0', '0.0', '0.0', '79.00', 'IV', '1', 2018),
(1367, '1723734840', 'MSD49043304', 0, '0.0', '0.0', '0.0', '0.00', 'IV', '1', 2018),
(1368, '1723734841', 'MSD49043304', 0, '0.0', '0.0', '0.0', '72.25', 'IV', '1', 2018),
(1369, '1723734843', 'MSD49043304', 0, '0.0', '0.0', '0.0', '70.00', 'IV', '1', 2018),
(1370, '1723734844', 'MSD49043304', 0, '0.0', '0.0', '0.0', '68.50', 'IV', '1', 2018),
(1371, '1723734845', 'MSD49043304', 0, '0.0', '0.0', '0.0', '65.30', 'IV', '1', 2018),
(1372, '1723734846', 'MSD49043304', 0, '0.0', '0.0', '0.0', '75.00', 'IV', '1', 2018),
(1373, '1723734847', 'MSD49043304', 0, '0.0', '0.0', '0.0', '77.50', 'IV', '1', 2018),
(1374, '1723734848', 'MSD49043304', 0, '0.0', '0.0', '0.0', '75.75', 'IV', '1', 2018),
(1375, '1723734849', 'MSD49043304', 0, '0.0', '0.0', '0.0', '76.50', 'IV', '1', 2018),
(1376, '1723734850', 'MSD49043304', 0, '0.0', '0.0', '0.0', '0.00', 'IV', '1', 2018),
(1377, '1723734851', 'MSD49043304', 0, '0.0', '0.0', '0.0', '0.00', 'IV', '1', 2018),
(1378, '1723734852', 'MSD49043304', 0, '0.0', '0.0', '0.0', '69.50', 'IV', '1', 2018),
(1379, '1723734853', 'MSD49043304', 0, '0.0', '0.0', '0.0', '76.50', 'IV', '1', 2018),
(1380, '1723734854', 'MSD49043304', 0, '0.0', '0.0', '0.0', '0.00', 'IV', '1', 2018),
(1381, '1723734855', 'MSD49043304', 0, '0.0', '0.0', '0.0', '69.10', 'IV', '1', 2018),
(1383, '1723734827', 'MST59043337', 0, '0.0', '0.0', '0.0', '82.00', 'V', '1', 2019),
(1384, '1723734828', 'MST59043337', 0, '0.0', '0.0', '0.0', '78.50', 'V', '1', 2019),
(1385, '1723734829', 'MST59043337', 0, '0.0', '0.0', '0.0', '71.00', 'V', '1', 2019),
(1386, '1723734833', 'MST59043337', 0, '0.0', '0.0', '0.0', '78.50', 'V', '1', 2019),
(1387, '1723734834', 'MST59043337', 0, '0.0', '0.0', '0.0', '76.50', 'V', '1', 2019),
(1388, '1723734835', 'MST59043337', 0, '0.0', '0.0', '0.0', '71.00', 'V', '1', 2019),
(1389, '1723734837', 'MST59043337', 0, '0.0', '0.0', '0.0', '73.00', 'V', '1', 2019),
(1390, '1723734839', 'MST59043337', 0, '0.0', '0.0', '0.0', '73.50', 'V', '1', 2019),
(1391, '1723734841', 'MST59043337', 0, '0.0', '0.0', '0.0', '85.50', 'V', '1', 2019),
(1392, '1723734843', 'MST59043337', 0, '0.0', '0.0', '0.0', '85.50', 'V', '1', 2019),
(1393, '1723734844', 'MST59043337', 0, '0.0', '0.0', '0.0', '75.00', 'V', '1', 2019),
(1394, '1723734845', 'MST59043337', 0, '0.0', '0.0', '0.0', '47.78', 'V', '1', 2019),
(1395, '1723734846', 'MST59043337', 0, '0.0', '0.0', '0.0', '75.00', 'V', '1', 2019),
(1396, '1723734847', 'MST59043337', 0, '0.0', '0.0', '0.0', '71.50', 'V', '1', 2019),
(1397, '1723734848', 'MST59043337', 0, '0.0', '0.0', '0.0', '75.00', 'V', '1', 2019),
(1398, '1723734849', 'MST59043337', 0, '0.0', '0.0', '0.0', '75.00', 'V', '1', 2019),
(1399, '1723734852', 'MST59043337', 0, '0.0', '0.0', '0.0', '75.00', 'V', '1', 2019),
(1400, '1723734853', 'MST59043337', 0, '0.0', '0.0', '0.0', '78.50', 'V', '1', 2019),
(1401, '1723734855', 'MST59043337', 0, '0.0', '0.0', '0.0', '82.00', 'V', '1', 2019),
(1402, '1723734827', 'MST59043335', 0, '0.0', '0.0', '0.0', '80.11', 'V', '1', 2019),
(1403, '1723734828', 'MST59043335', 0, '0.0', '0.0', '0.0', '76.08', 'V', '1', 2019),
(1404, '1723734829', 'MST59043335', 0, '0.0', '0.0', '0.0', '74.33', 'V', '1', 2019),
(1405, '1723734833', 'MST59043335', 0, '0.0', '0.0', '0.0', '76.97', 'V', '1', 2019),
(1406, '1723734834', 'MST59043335', 0, '0.0', '0.0', '0.0', '75.44', 'V', '1', 2019),
(1407, '1723734835', 'MST59043335', 0, '0.0', '0.0', '0.0', '74.66', 'V', '1', 2019),
(1408, '1723734837', 'MST59043335', 0, '0.0', '0.0', '0.0', '78.87', 'V', '1', 2019),
(1409, '1723734839', 'MST59043335', 0, '0.0', '0.0', '0.0', '76.12', 'V', '1', 2019),
(1410, '1723734841', 'MST59043335', 0, '0.0', '0.0', '0.0', '81.34', 'V', '1', 2019),
(1411, '1723734843', 'MST59043335', 0, '0.0', '0.0', '0.0', '83.77', 'V', '1', 2019),
(1412, '1723734844', 'MST59043335', 0, '0.0', '0.0', '0.0', '76.83', 'V', '1', 2019),
(1413, '1723734845', 'MST59043335', 0, '0.0', '0.0', '0.0', '74.89', 'V', '1', 2019),
(1414, '1723734846', 'MST59043335', 0, '0.0', '0.0', '0.0', '77.33', 'V', '1', 2019),
(1415, '1723734847', 'MST59043335', 0, '0.0', '0.0', '0.0', '76.00', 'V', '1', 2019),
(1416, '1723734848', 'MST59043335', 0, '0.0', '0.0', '0.0', '80.41', 'V', '1', 2019),
(1417, '1723734849', 'MST59043335', 0, '0.0', '0.0', '0.0', '77.87', 'V', '1', 2019),
(1418, '1723734852', 'MST59043335', 0, '0.0', '0.0', '0.0', '72.17', 'V', '1', 2019),
(1419, '1723734853', 'MST59043335', 0, '0.0', '0.0', '0.0', '77.80', 'V', '1', 2019),
(1420, '1723734855', 'MST59043335', 0, '0.0', '0.0', '0.0', '77.89', 'V', '1', 2019),
(1421, '1723734827', 'MST59043334', 0, '0.0', '0.0', '0.0', '79.31', 'V', '1', 2019),
(1422, '1723734828', 'MST59043334', 0, '0.0', '0.0', '0.0', '77.31', 'V', '1', 2019),
(1423, '1723734829', 'MST59043334', 0, '0.0', '0.0', '0.0', '70.22', 'V', '1', 2019),
(1424, '1723734833', 'MST59043334', 0, '0.0', '0.0', '0.0', '75.66', 'V', '1', 2019),
(1425, '1723734834', 'MST59043334', 0, '0.0', '0.0', '0.0', '75.44', 'V', '1', 2019),
(1426, '1723734835', 'MST59043334', 0, '0.0', '0.0', '0.0', '72.81', 'V', '1', 2019),
(1427, '1723734837', 'MST59043334', 0, '0.0', '0.0', '0.0', '76.09', 'V', '1', 2019),
(1428, '1723734839', 'MST59043334', 0, '0.0', '0.0', '0.0', '73.44', 'V', '1', 2019),
(1429, '1723734841', 'MST59043334', 0, '0.0', '0.0', '0.0', '80.84', 'V', '1', 2019),
(1430, '1723734843', 'MST59043334', 0, '0.0', '0.0', '0.0', '82.09', 'V', '1', 2019),
(1431, '1723734844', 'MST59043334', 0, '0.0', '0.0', '0.0', '71.69', 'V', '1', 2019),
(1432, '1723734845', 'MST59043334', 0, '0.0', '0.0', '0.0', '73.83', 'V', '1', 2019),
(1433, '1723734846', 'MST59043334', 0, '0.0', '0.0', '0.0', '76.00', 'V', '1', 2019),
(1434, '1723734847', 'MST59043334', 0, '0.0', '0.0', '0.0', '75.44', 'V', '1', 2019),
(1435, '1723734848', 'MST59043334', 0, '0.0', '0.0', '0.0', '77.09', 'V', '1', 2019),
(1436, '1723734849', 'MST59043334', 0, '0.0', '0.0', '0.0', '76.14', 'V', '1', 2019),
(1437, '1723734852', 'MST59043334', 0, '0.0', '0.0', '0.0', '71.43', 'V', '1', 2019),
(1438, '1723734853', 'MST59043334', 0, '0.0', '0.0', '0.0', '76.22', 'V', '1', 2019),
(1439, '1723734855', 'MST59043334', 0, '0.0', '0.0', '0.0', '76.09', 'V', '1', 2019),
(1441, '1723734827', 'MST53043333', 0, '0.0', '0.0', '0.0', '74.20', 'V', '1', 2019),
(1442, '1723734828', 'MST53043333', 0, '0.0', '0.0', '0.0', '74.20', 'V', '1', 2019),
(1443, '1723734829', 'MST53043333', 0, '0.0', '0.0', '0.0', '65.28', 'V', '1', 2019),
(1444, '1723734833', 'MST53043333', 0, '0.0', '0.0', '0.0', '73.00', 'V', '1', 2019),
(1445, '1723734834', 'MST53043333', 0, '0.0', '0.0', '0.0', '73.89', 'V', '1', 2019),
(1446, '1723734835', 'MST53043333', 0, '0.0', '0.0', '0.0', '64.50', 'V', '1', 2019),
(1447, '1723734837', 'MST53043333', 0, '0.0', '0.0', '0.0', '71.50', 'V', '1', 2019),
(1448, '1723734839', 'MST53043333', 0, '0.0', '0.0', '0.0', '70.39', 'V', '1', 2019),
(1449, '1723734841', 'MST53043333', 0, '0.0', '0.0', '0.0', '74.20', 'V', '1', 2019),
(1450, '1723734843', 'MST53043333', 0, '0.0', '0.0', '0.0', '74.50', 'V', '1', 2019),
(1451, '1723734844', 'MST53043333', 0, '0.0', '0.0', '0.0', '71.50', 'V', '1', 2019),
(1452, '1723734845', 'MST53043333', 0, '0.0', '0.0', '0.0', '41.22', 'V', '1', 2019),
(1453, '1723734846', 'MST53043333', 0, '0.0', '0.0', '0.0', '71.50', 'V', '1', 2019),
(1454, '1723734847', 'MST53043333', 0, '0.0', '0.0', '0.0', '69.20', 'V', '1', 2019),
(1455, '1723734848', 'MST53043333', 0, '0.0', '0.0', '0.0', '71.50', 'V', '1', 2019),
(1456, '1723734849', 'MST53043333', 0, '0.0', '0.0', '0.0', '71.50', 'V', '1', 2019),
(1457, '1723734852', 'MST53043333', 0, '0.0', '0.0', '0.0', '60.28', 'V', '1', 2019),
(1458, '1723734853', 'MST53043333', 0, '0.0', '0.0', '0.0', '74.20', 'V', '1', 2019),
(1459, '1723734855', 'MST53043333', 0, '0.0', '0.0', '0.0', '73.80', 'V', '1', 2019),
(1460, '1723734827', 'MSK49043327', 0, '0.0', '0.0', '0.0', '80.50', 'V', '1', 2019),
(1461, '1723734828', 'MSK49043327', 0, '0.0', '0.0', '0.0', '75.76', 'V', '1', 2019),
(1462, '1723734829', 'MSK49043327', 0, '0.0', '0.0', '0.0', '71.46', 'V', '1', 2019),
(1463, '1723734833', 'MSK49043327', 0, '0.0', '0.0', '0.0', '83.87', 'V', '1', 2019),
(1464, '1723734834', 'MSK49043327', 0, '0.0', '0.0', '0.0', '78.06', 'V', '1', 2019),
(1465, '1723734835', 'MSK49043327', 0, '0.0', '0.0', '0.0', '71.86', 'V', '1', 2019),
(1466, '1723734837', 'MSK49043327', 0, '0.0', '0.0', '0.0', '70.06', 'V', '1', 2019),
(1467, '1723734839', 'MSK49043327', 0, '0.0', '0.0', '0.0', '78.00', 'V', '1', 2019),
(1468, '1723734841', 'MSK49043327', 0, '0.0', '0.0', '0.0', '84.20', 'V', '1', 2019),
(1469, '1723734843', 'MSK49043327', 0, '0.0', '0.0', '0.0', '90.17', 'V', '1', 2019),
(1470, '1723734844', 'MSK49043327', 0, '0.0', '0.0', '0.0', '74.36', 'V', '1', 2019),
(1471, '1723734845', 'MSK49043327', 0, '0.0', '0.0', '0.0', '73.56', 'V', '1', 2019),
(1472, '1723734846', 'MSK49043327', 0, '0.0', '0.0', '0.0', '77.67', 'V', '1', 2019),
(1473, '1723734847', 'MSK49043327', 0, '0.0', '0.0', '0.0', '74.26', 'V', '1', 2019),
(1474, '1723734848', 'MSK49043327', 0, '0.0', '0.0', '0.0', '77.67', 'V', '1', 2019),
(1475, '1723734849', 'MSK49043327', 0, '0.0', '0.0', '0.0', '75.76', 'V', '1', 2019),
(1476, '1723734852', 'MSK49043327', 0, '0.0', '0.0', '0.0', '75.06', 'V', '1', 2019),
(1477, '1723734853', 'MSK49043327', 0, '0.0', '0.0', '0.0', '75.67', 'V', '1', 2019),
(1478, '1723734855', 'MSK49043327', 0, '0.0', '0.0', '0.0', '78.47', 'V', '1', 2019),
(1480, '1723734827', 'MHR59043301', 0, '0.0', '0.0', '0.0', '77.00', 'V', '1', 2019),
(1481, '1723734828', 'MHR59043301', 0, '0.0', '0.0', '0.0', '80.63', 'V', '1', 2019),
(1482, '1723734829', 'MHR59043301', 0, '0.0', '0.0', '0.0', '75.97', 'V', '1', 2019),
(1483, '1723734833', 'MHR59043301', 0, '0.0', '0.0', '0.0', '75.00', 'V', '1', 2019),
(1484, '1723734834', 'MHR59043301', 0, '0.0', '0.0', '0.0', '73.00', 'V', '1', 2019),
(1485, '1723734835', 'MHR59043301', 0, '0.0', '0.0', '0.0', '73.30', 'V', '1', 2019),
(1486, '1723734837', 'MHR59043301', 0, '0.0', '0.0', '0.0', '73.30', 'V', '1', 2019),
(1487, '1723734839', 'MHR59043301', 0, '0.0', '0.0', '0.0', '81.00', 'V', '1', 2019),
(1488, '1723734841', 'MHR59043301', 0, '0.0', '0.0', '0.0', '80.67', 'V', '1', 2019),
(1489, '1723734843', 'MHR59043301', 0, '0.0', '0.0', '0.0', '81.67', 'V', '1', 2019),
(1490, '1723734844', 'MHR59043301', 0, '0.0', '0.0', '0.0', '81.00', 'V', '1', 2019),
(1491, '1723734845', 'MHR59043301', 0, '0.0', '0.0', '0.0', '71.30', 'V', '1', 2019),
(1492, '1723734846', 'MHR59043301', 0, '0.0', '0.0', '0.0', '81.00', 'V', '1', 2019),
(1493, '1723734847', 'MHR59043301', 0, '0.0', '0.0', '0.0', '73.30', 'V', '1', 2019),
(1494, '1723734848', 'MHR59043301', 0, '0.0', '0.0', '0.0', '75.00', 'V', '1', 2019),
(1495, '1723734849', 'MHR59043301', 0, '0.0', '0.0', '0.0', '74.67', 'V', '1', 2019),
(1496, '1723734852', 'MHR59043301', 0, '0.0', '0.0', '0.0', '73.97', 'V', '1', 2019),
(1497, '1723734853', 'MHR59043301', 0, '0.0', '0.0', '0.0', '79.97', 'V', '1', 2019),
(1498, '1723734855', 'MHR59043301', 0, '0.0', '0.0', '0.0', '81.00', 'V', '1', 2019),
(1499, '1723734827', 'MSD59043305', 0, '0.0', '0.0', '0.0', '76.50', 'V', '1', 2019),
(1500, '1723734828', 'MSD59043305', 0, '0.0', '0.0', '0.0', '71.00', 'V', '1', 2019),
(1501, '1723734829', 'MSD59043305', 0, '0.0', '0.0', '0.0', '70.33', 'V', '1', 2019),
(1502, '1723734833', 'MSD59043305', 0, '0.0', '0.0', '0.0', '72.38', 'V', '1', 2019),
(1503, '1723734834', 'MSD59043305', 0, '0.0', '0.0', '0.0', '70.38', 'V', '1', 2019),
(1504, '1723734835', 'MSD59043305', 0, '0.0', '0.0', '0.0', '71.13', 'V', '1', 2019),
(1505, '1723734837', 'MSD59043305', 0, '0.0', '0.0', '0.0', '69.75', 'V', '1', 2019),
(1506, '1723734839', 'MSD59043305', 0, '0.0', '0.0', '0.0', '70.38', 'V', '1', 2019),
(1507, '1723734841', 'MSD59043305', 0, '0.0', '0.0', '0.0', '75.25', 'V', '1', 2019),
(1508, '1723734843', 'MSD59043305', 0, '0.0', '0.0', '0.0', '76.50', 'V', '1', 2019),
(1509, '1723734844', 'MSD59043305', 0, '0.0', '0.0', '0.0', '73.00', 'V', '1', 2019),
(1510, '1723734845', 'MSD59043305', 0, '0.0', '0.0', '0.0', '45.00', 'V', '1', 2019),
(1511, '1723734846', 'MSD59043305', 0, '0.0', '0.0', '0.0', '74.50', 'V', '1', 2019),
(1512, '1723734847', 'MSD59043305', 0, '0.0', '0.0', '0.0', '74.50', 'V', '1', 2019),
(1513, '1723734848', 'MSD59043305', 0, '0.0', '0.0', '0.0', '70.38', 'V', '1', 2019),
(1514, '1723734849', 'MSD59043305', 0, '0.0', '0.0', '0.0', '71.00', 'V', '1', 2019),
(1515, '1723734852', 'MSD59043305', 0, '0.0', '0.0', '0.0', '71.75', 'V', '1', 2019),
(1516, '1723734853', 'MSD59043305', 0, '0.0', '0.0', '0.0', '70.38', 'V', '1', 2019),
(1517, '1723734855', 'MSD59043305', 0, '0.0', '0.0', '0.0', '73.88', 'V', '1', 2019),
(1521, '1723734827', 'MST69043337', 0, '0.0', '0.0', '0.0', '80.00', 'VI', '1', 2020),
(1522, '1723734828', 'MST69043337', 0, '0.0', '0.0', '0.0', '85.00', 'VI', '1', 2020),
(1523, '1723734829', 'MST69043337', 0, '0.0', '0.0', '0.0', '85.00', 'VI', '1', 2020),
(1524, '1723734833', 'MST69043337', 0, '0.0', '0.0', '0.0', '79.00', 'VI', '1', 2020),
(1525, '1723734834', 'MST69043337', 0, '0.0', '0.0', '0.0', '87.00', 'VI', '1', 2020),
(1526, '1723734835', 'MST69043337', 0, '0.0', '0.0', '0.0', '90.00', 'VI', '1', 2020),
(1527, '1723734837', 'MST69043337', 0, '0.0', '0.0', '0.0', '87.00', 'VI', '1', 2020),
(1528, '1723734839', 'MST69043337', 0, '0.0', '0.0', '0.0', '90.00', 'VI', '1', 2020),
(1529, '1723734841', 'MST69043337', 0, '0.0', '0.0', '0.0', '86.00', 'VI', '1', 2020),
(1530, '1723734843', 'MST69043337', 0, '0.0', '0.0', '0.0', '78.00', 'VI', '1', 2020),
(1531, '1723734844', 'MST69043337', 0, '0.0', '0.0', '0.0', '80.00', 'VI', '1', 2020),
(1532, '1723734845', 'MST69043337', 0, '0.0', '0.0', '0.0', '85.00', 'VI', '1', 2020),
(1533, '1723734846', 'MST69043337', 0, '0.0', '0.0', '0.0', '87.00', 'VI', '1', 2020),
(1534, '1723734847', 'MST69043337', 0, '0.0', '0.0', '0.0', '90.00', 'VI', '1', 2020),
(1535, '1723734848', 'MST69043337', 0, '0.0', '0.0', '0.0', '80.00', 'VI', '1', 2020),
(1536, '1723734849', 'MST69043337', 0, '0.0', '0.0', '0.0', '78.00', 'VI', '1', 2020),
(1537, '1723734852', 'MST69043337', 0, '0.0', '0.0', '0.0', '83.00', 'VI', '1', 2020),
(1538, '1723734853', 'MST69043337', 0, '0.0', '0.0', '0.0', '88.00', 'VI', '1', 2020),
(1539, '1723734855', 'MST69043337', 0, '0.0', '0.0', '0.0', '89.00', 'VI', '1', 2020),
(1574, '1623734335', 'MST69043338', 0, '0.0', '0.0', '0.0', '88.43', 'VI', '1', 2018),
(1667, '1923734733', 'MST39043320', 100, '58.2', '70.0', '70.0', '70.64', 'III', '1', 2020),
(1668, '1923734734', 'MST39043320', 100, '78.0', '70.0', '70.0', '74.60', 'III', '1', 2020),
(1669, '1923734735', 'MST39043320', 100, '60.0', '80.0', '78.0', '77.20', 'III', '1', 2020),
(1671, '1923734736', 'MST39043320', 90, '60.0', '70.0', '78.0', '73.20', 'III', '1', 2020),
(1684, '1923734733', 'MSK39043325', 0, '0.0', '0.0', '0.0', '69.00', 'III', '', 2020),
(1685, '1923734734', 'MSK39043325', 0, '0.0', '0.0', '0.0', '69.00', 'III', '', 2020),
(1686, '1923734735', 'MSK39043325', 0, '0.0', '0.0', '0.0', '69.00', 'III', '', 2020),
(1687, '1923734736', 'MSK39043325', 0, '0.0', '0.0', '0.0', '69.00', 'III', '', 2020);

-- --------------------------------------------------------

--
-- Struktur dari tabel `mahasiswa`
--

CREATE TABLE `mahasiswa` (
  `nim` varchar(10) NOT NULL,
  `nama` varchar(50) NOT NULL,
  `jk` varchar(10) NOT NULL,
  `tempat_lahir` varchar(50) NOT NULL,
  `tgl_lahir` date NOT NULL,
  `prodi` varchar(50) NOT NULL,
  `kelas` varchar(2) NOT NULL,
  `angkatan` int(4) NOT NULL,
  `status` varchar(10) NOT NULL,
  `nip` varchar(21) DEFAULT NULL,
  `foto` varchar(50) NOT NULL DEFAULT 'user.jpg',
  `password` varchar(50) NOT NULL DEFAULT 'd41d8cd98f00b204e9800998ecf8427e'
) ENGINE=InnoDB DEFAULT CHARSET=latin1 COMMENT='{\r\n  "validation": {\r\n    "nim": "Phone",\r\n    "nama": "Name",\r\n    "prodi": "NotEmpty",\r\n    "kelas": "NotEmpty",\r\n    "angkatan": "NotEmpty"\r\n  },\r\n  "required": []\r\n}';

--
-- Dumping data untuk tabel `mahasiswa`
--

INSERT INTO `mahasiswa` (`nim`, `nama`, `jk`, `tempat_lahir`, `tgl_lahir`, `prodi`, `kelas`, `angkatan`, `status`, `nip`, `foto`, `password`) VALUES
('1623324553', 'Agustinus Belu', '', '', '0000-00-00', '4', 'A', 2016, 'DO', '19770810 200501 1 002', 'user.jpg', 'd41d8cd98f00b204e9800998ecf8427e'),
('1623324554', 'Benadus K M dede', '', '', '0000-00-00', '4', 'A', 2016, 'Aktif', '19770810 200501 1 002', 'user.jpg', 'd41d8cd98f00b204e9800998ecf8427e'),
('1623732012', 'Angelina A do', '', '', '0000-00-00', '3', 'A', 2016, 'Aktif', '19770519 200212 1 002', 'user.jpg', 'd41d8cd98f00b204e9800998ecf8427e'),
('1623732013', 'Apolonia M A gua', '', '', '0000-00-00', '3', 'A', 2016, 'Aktif', '19780323 200604 2 002', 'user.jpg', 'd41d8cd98f00b204e9800998ecf8427e'),
('1623732014', 'Bernadus G mau', '', '', '0000-00-00', '3', 'A', 2016, 'Aktif', '19780323 200604 2 002', 'user.jpg', 'd41d8cd98f00b204e9800998ecf8427e'),
('1623734335', 'Bonaventura P Jemi', 'Pria', 'Ende', '1998-10-26', '1', 'A', 2016, 'Alumni', '19780323 200604 2 002', '1623734335.jpg', '202cb962ac59075b964b07152d234b70'),
('1623735614', 'Albertus Agung', '', '', '0000-00-00', '5', 'A', 2016, 'Aktif', '19780323 200604 2 002', 'user.jpg', 'd41d8cd98f00b204e9800998ecf8427e'),
('1623735615', 'Budi Setiawan', '', '', '0000-00-00', '5', 'A', 2016, 'Aktif', '19770519 200212 1 002', 'user.jpg', 'd41d8cd98f00b204e9800998ecf8427e'),
('1623735616', 'Cecep Arifin', '', '', '0000-00-00', '5', 'A', 2016, 'Aktif', '19900425 201404 2 001', 'user.jpg', 'd41d8cd98f00b204e9800998ecf8427e'),
('1623744331', 'Nobertus Eo', '', '', '0000-00-00', '2', 'A', 2016, 'Aktif', '19760830 200501 1 001', 'user.jpg', 'd41d8cd98f00b204e9800998ecf8427e'),
('1623744332', 'Omega Manu', '', '', '0000-00-00', '2', 'A', 2016, 'Aktif', '19900425 201404 2 001', 'user.jpg', 'd41d8cd98f00b204e9800998ecf8427e'),
('1623744333', 'Petrus A M deu', '', '', '0000-00-00', '2', 'A', 2016, 'Aktif', '19760830 200501 1 001', 'user.jpg', 'd41d8cd98f00b204e9800998ecf8427e'),
('1723734826', 'Abraham F D Nubatonis', '', '', '0000-00-00', '1', 'A', 2017, 'Aktif', '19780323 200604 2 002', 'user.jpg', 'd41d8cd98f00b204e9800998ecf8427e'),
('1723734827', 'Ahmad Khabib', '', 'Kupang', '1999-02-18', '1', 'A', 2017, 'Aktif', '19780323 200604 2 002', 'user.jpg', 'd41d8cd98f00b204e9800998ecf8427e'),
('1723734828', 'Anastasya California Fony', '', 'Soe', '1999-02-25', '1', 'A', 2017, 'Aktif', '19780323 200604 2 002', '1723734828.png', '202cb962ac59075b964b07152d234b70'),
('1723734829', 'ANSQARIUS TIBANG RAYA', '', '', '0000-00-00', '1', 'A', 2017, 'Aktif', NULL, 'user.jpg', 'd41d8cd98f00b204e9800998ecf8427e'),
('1723734830', 'ARIYADI MISDAY ', '', '', '0000-00-00', '1', 'A', 2017, 'DO', NULL, 'user.jpg', 'd41d8cd98f00b204e9800998ecf8427e'),
('1723734831', 'CHRISTINE S E WALANDA', '', '', '0000-00-00', '1', 'A', 2017, 'DO', NULL, 'user.jpg', 'd41d8cd98f00b204e9800998ecf8427e'),
('1723734832', 'DESEM NAISUNIS', '', '', '0000-00-00', '1', 'A', 2017, 'Aktif', NULL, 'user.jpg', 'd41d8cd98f00b204e9800998ecf8427e'),
('1723734833', 'DIANTRI DOMINIQ R POTA', '', '', '0000-00-00', '1', 'A', 2017, 'Aktif', NULL, 'user.jpg', 'd41d8cd98f00b204e9800998ecf8427e'),
('1723734834', 'DORCE ARDINA TEFI', '', '', '0000-00-00', '1', 'A', 2017, 'Aktif', NULL, 'user.jpg', 'd41d8cd98f00b204e9800998ecf8427e'),
('1723734835', 'EVAN G W KAWANGKO', '', '', '0000-00-00', '1', 'A', 2017, 'Aktif', NULL, 'user.jpg', 'd41d8cd98f00b204e9800998ecf8427e'),
('1723734836', 'EXEL ALFIANO ADOE', '', '', '0000-00-00', '1', 'A', 2017, 'DO', NULL, 'user.jpg', 'd41d8cd98f00b204e9800998ecf8427e'),
('1723734837', 'FRANSISCUS VIERGIO WAIN', '', '', '0000-00-00', '1', 'A', 2017, 'Aktif', NULL, 'user.jpg', 'd41d8cd98f00b204e9800998ecf8427e'),
('1723734838', 'HIRONIMUS A BALENG', '', '', '0000-00-00', '1', 'A', 2017, 'DO', NULL, 'user.jpg', 'd41d8cd98f00b204e9800998ecf8427e'),
('1723734839', 'INTAN PRISKILA HANINUNA', '', '', '0000-00-00', '1', 'A', 2017, 'Aktif', NULL, 'user.jpg', 'd41d8cd98f00b204e9800998ecf8427e'),
('1723734840', 'JEFLI T M WENI', '', '', '0000-00-00', '1', 'A', 2017, 'Aktif', NULL, 'user.jpg', 'd41d8cd98f00b204e9800998ecf8427e'),
('1723734841', 'JUAMAR ADI PUTRA BIRE', '', '', '0000-00-00', '1', 'A', 2017, 'Aktif', NULL, 'user.jpg', 'd41d8cd98f00b204e9800998ecf8427e'),
('1723734842', 'JUNIKA VERO NENOBAHAN', '', '', '0000-00-00', '1', 'A', 2017, 'DO', NULL, 'user.jpg', 'd41d8cd98f00b204e9800998ecf8427e'),
('1723734843', 'KEFAS CHRISTIAN HABA GEA', '', '', '0000-00-00', '1', 'A', 2017, 'Aktif', NULL, 'user.jpg', 'd41d8cd98f00b204e9800998ecf8427e'),
('1723734844', 'MARSELINUS  UMBU  NGGULI', '', '', '0000-00-00', '1', 'A', 2017, 'Aktif', NULL, 'user.jpg', 'd41d8cd98f00b204e9800998ecf8427e'),
('1723734845', 'MERRY AURELIA MESAH', '', '', '0000-00-00', '1', 'A', 2017, 'Aktif', NULL, 'user.jpg', 'd41d8cd98f00b204e9800998ecf8427e'),
('1723734846', 'MIZI ANGGUN MOLEBILA', '', '', '0000-00-00', '1', 'A', 2017, 'Aktif', NULL, 'user.jpg', 'd41d8cd98f00b204e9800998ecf8427e'),
('1723734847', 'OSI OKTOVIA AMNAHAS', '', '', '0000-00-00', '1', 'A', 2017, 'Aktif', NULL, 'user.jpg', 'd41d8cd98f00b204e9800998ecf8427e'),
('1723734848', 'RAY R E AKUNUT', '', '', '0000-00-00', '1', 'A', 2017, 'Aktif', NULL, 'user.jpg', 'd41d8cd98f00b204e9800998ecf8427e'),
('1723734849', 'RILLY C OKTAVIANUS', '', '', '0000-00-00', '1', 'A', 2017, 'Aktif', NULL, 'user.jpg', 'd41d8cd98f00b204e9800998ecf8427e'),
('1723734850', 'RIZQI M MATTARANG', '', '', '0000-00-00', '1', 'A', 2017, 'Aktif', NULL, 'user.jpg', 'd41d8cd98f00b204e9800998ecf8427e'),
('1723734851', 'SILFINUS RABUARTO PAPE', '', '', '0000-00-00', '1', 'A', 2017, 'Aktif', NULL, 'user.jpg', 'd41d8cd98f00b204e9800998ecf8427e'),
('1723734852', 'STEVEN TAHEOK', '', '', '0000-00-00', '1', 'A', 2017, 'Aktif', NULL, 'user.jpg', 'd41d8cd98f00b204e9800998ecf8427e'),
('1723734853', 'THIKA ARIASTI TIDEO KAHO', '', '', '0000-00-00', '1', 'A', 2017, 'Aktif', NULL, 'user.jpg', 'd41d8cd98f00b204e9800998ecf8427e'),
('1723734854', 'VICENT A T TOBING', '', '', '0000-00-00', '1', 'A', 2017, 'Aktif', NULL, 'user.jpg', 'd41d8cd98f00b204e9800998ecf8427e'),
('1723734855', 'YUNUS E KAUSE', '', '', '0000-00-00', '1', 'A', 2017, 'Aktif', NULL, 'user.jpg', 'd41d8cd98f00b204e9800998ecf8427e'),
('1923734732', 'Albertus Paeriung', '', 'soe', '2001-08-13', '1', 'A', 2019, 'Cuti', '19770810 200501 1 002', 'user.jpg', '202cb962ac59075b964b07152d234b70'),
('1923734733', 'Albertus Yusuf Buifena', '', '', '0000-00-00', '1', 'A', 2019, 'Aktif', NULL, 'user.jpg', 'd41d8cd98f00b204e9800998ecf8427e'),
('1923734734', 'Alfridus Kefi', '', '', '0000-00-00', '1', 'A', 2019, 'Aktif', NULL, 'user.jpg', 'd41d8cd98f00b204e9800998ecf8427e'),
('1923734735', 'Ana Emiliana Natti', '', '', '0000-00-00', '1', 'A', 2019, 'Aktif', NULL, 'user.jpg', 'd41d8cd98f00b204e9800998ecf8427e'),
('1923734736', 'Anita Bien', '', '', '0000-00-00', '1', 'A', 2019, 'Aktif', NULL, 'user.jpg', 'd41d8cd98f00b204e9800998ecf8427e');

-- --------------------------------------------------------

--
-- Struktur dari tabel `matakulah`
--

CREATE TABLE `matakulah` (
  `elemenmk` varchar(50) DEFAULT NULL,
  `kodemk` varchar(20) NOT NULL,
  `namamk` varchar(50) NOT NULL,
  `sks` int(10) NOT NULL
) ENGINE=InnoDB DEFAULT CHARSET=latin1 COMMENT='{\r\n  "validation": {\r\n    "kodemk": "NotEmpty",\r\n    "namamk": "NotEmpty",\r\n    "sks": "NotEmpty"\r\n  },\r\n  "required": []\r\n}';

--
-- Dumping data untuk tabel `matakulah`
--

INSERT INTO `matakulah` (`elemenmk`, `kodemk`, `namamk`, `sks`) VALUES
('MHR', 'MHR19043306', 'Pendidikan Agama', 2),
('MHR', 'MHR19043307', 'Pendidikan Pancasila', 3),
('MHR', 'MHR19043308', 'Pendidikan Kewarganegaraan', 2),
('MHR', 'MHR19043311', 'Kesehatan dan keselamatan kerja', 2),
('MHR', 'MHR59043301', 'Technopreneurship', 2),
('MHR', 'MHR59043309', 'Bahasa Indonesia', 2),
('MSD', 'MSD19043301', 'Matematika 1', 2),
('MSD', 'MSD19043303', 'Bahasa Inggris Teknik 1', 2),
('MSD', 'MSD29043302', 'Matematika 2', 3),
('MSD', 'MSD49043304', 'Sistem Manejemen Mutu', 3),
('MSD', 'MSD59043305', 'Metode Penulisan Ilmiah', 3),
('MSK', 'MSK19043312', 'Dasar Elektronika', 3),
('MSK', 'MSK19043313', 'Dasar Komputer', 3),
('MSK', 'MSK19043315', 'Arsitektur Komputer', 2),
('MSK', 'MSK29043314', 'Bahasa Inggris Teknik 2', 3),
('MSK', 'MSK29043316', 'Sistem Digital', 3),
('MSK', 'MSK29043317', 'Komunikasi Data', 3),
('MSK', 'MSK29043318', 'Algoritma Pemrograman', 3),
('MSK', 'MSK29043319', 'Basis Data', 3),
('MSK', 'MSK39043321', 'Jarkom 1', 3),
('MSK', 'MSK39043323', 'Sistem Operasi', 3),
('MSK', 'MSK39043325', 'Rekayasa Perangkat Lunak', 3),
('MSK', 'MSK39043332', 'Dasar Pemograman Web', 3),
('MSK', 'MSK49043322', 'Jarkom 2', 3),
('MSK', 'MSK49043323', 'Pemrograman klien server', 3),
('MSK', 'MSK49043326', 'Adminstrasi Jaringan', 3),
('MSK', 'MSK49043327', 'Keamanan Jaringan', 3),
('MST', 'MST29043327', 'PC Hardware 1', 3),
('MST', 'MST39043320', 'Microcomputer', 3),
('MST', 'MST39043328', 'PC Hardware 2', 3),
('MST', 'MST39043329', 'Pemrograman Aplikatif', 3),
('MST', 'MST49043330', 'Sistem Embedded', 3),
('MST', 'MST49043332', 'Pemrograman Web', 3),
('MST', 'MST49043336', 'Projek 1', 3),
('MST', 'MST53043333', 'Jarkom 3', 3),
('MST', 'MST59043334', 'Aplikasi Mobile', 3),
('MST', 'MST59043335', 'Perawatan dan perbaikan jaringan', 3),
('MST', 'MST59043337', 'Project 2', 3),
('MST', 'MST69043337', 'Praktek Kerja Lapangan', 4),
('MST', 'MST69043338', 'Project Akhir', 5);

-- --------------------------------------------------------

--
-- Struktur dari tabel `mkprodi`
--

CREATE TABLE `mkprodi` (
  `id` int(100) NOT NULL,
  `kodemk` varchar(50) NOT NULL,
  `kodeprodi` varchar(50) NOT NULL,
  `nip` varchar(21) NOT NULL,
  `kelas` varchar(3) NOT NULL,
  `semester` varchar(10) NOT NULL,
  `id_ruangan` int(10) NOT NULL,
  `takademik` varchar(100) NOT NULL,
  `hari` varchar(10) NOT NULL,
  `id_hari` varchar(1) NOT NULL,
  `jam_mulai` time NOT NULL,
  `jam_selesai` time NOT NULL
) ENGINE=InnoDB DEFAULT CHARSET=latin1;

--
-- Dumping data untuk tabel `mkprodi`
--

INSERT INTO `mkprodi` (`id`, `kodemk`, `kodeprodi`, `nip`, `kelas`, `semester`, `id_ruangan`, `takademik`, `hari`, `id_hari`, `jam_mulai`, `jam_selesai`) VALUES
(26, 'MHR19043307', '1', '19780323 200604 2 002', 'A', 'I', 1, '2018', 'Senin', '1', '09:00:00', '10:00:00'),
(27, 'MSK29043317', '1', '19780323 200604 2 002', 'A', 'III', 2, '2017', 'Senin', '1', '02:01:00', '03:03:00'),
(28, 'MHR19043307', '1', '19740508 200312 2 001', 'A', 'I', 1, '2016', 'Senin', '1', '07:30:00', '08:30:00'),
(29, 'MSK19043313', '1', '19780323 200604 2 002', 'A', 'I', 2, '2016', 'Senin', '1', '09:00:00', '11:00:00'),
(30, 'MHR19043306', '1', '19720627 199702 1 001', 'A', 'I', 7, '2016', 'Senin', '1', '12:00:00', '13:30:00'),
(31, 'MSD19043301', '1', '19770519 200212 1 002', 'A', 'I', 3, '2016', 'Selasa', '2', '08:00:00', '09:30:00'),
(32, 'MSK19043315', '1', '19591005 199103 1 001', 'A', 'I', 4, '2016', 'Selasa', '2', '10:00:00', '11:30:00'),
(33, 'MHR19043311', '1', '19770519 200212 1 002', 'A', 'I', 7, '2016', 'Selasa', '2', '12:00:00', '13:30:00'),
(34, 'MSK19043312', '1', '19630516 198903 1 001', 'A', 'I', 9, '2016', 'Rabu', '3', '08:00:00', '09:30:00'),
(35, 'MSD19043303', '1', '19731023 200312 2 001', 'A', 'I', 7, '2016', 'Kamis', '4', '10:08:00', '11:08:00'),
(36, 'MHR59043309', '1', '19780323 200604 2 002', 'A', 'I', 7, '2016', 'Rabu', '3', '12:00:00', '13:00:00'),
(37, 'MHR19043308', '1', '19591005 199103 1 001', 'A', 'I', 1, '2016', 'Kamis', '4', '08:00:00', '09:30:00'),
(38, 'MHR19043308', '1', '19861025 201012 2 004', 'B', 'I', 3, '2016', 'Senin', '1', '08:00:00', '09:00:00'),
(39, 'MSD19043303', '1', '19731023 200312 2 001', 'B', 'I', 1, '2016', 'Senin', '1', '09:05:00', '10:15:00'),
(40, 'MSD19043301', '1', '19760830 200501 1 001', 'B', 'I', 4, '2016', 'Selasa', '2', '09:00:00', '10:15:00'),
(41, 'MHR19043311', '1', '19630516 198903 1 001', 'B', 'I', 9, '2016', 'Selasa', '2', '10:00:00', '11:30:00'),
(42, 'MSK19043315', '1', '19771230 200212 1 002', 'B', 'I', 6, '2016', 'Rabu', '3', '08:30:00', '09:30:00'),
(43, 'MSK19043313', '1', '19780323 200604 2 002', 'B', 'I', 4, '2016', 'Kamis', '4', '08:00:00', '09:30:00'),
(44, 'MHR19043306', '1', '19621211 199512 1 001', 'B', 'I', 8, '2016', 'Kamis', '4', '08:00:00', '09:15:00'),
(45, 'MHR19043307', '1', '19621211 199512 1 001', 'B', 'I', 3, '2016', 'Selasa', '2', '11:00:00', '12:00:00'),
(46, 'MSK19043312', '1', '19781111 200604 1 003', 'B', 'I', 7, '2016', 'Rabu', '3', '10:00:00', '11:30:00'),
(47, 'MHR19043307', '1', '19900426 201404 2 001', 'A', 'I', 14, '2020', 'Senin', '1', '07:30:00', '09:10:00'),
(48, 'MSK19043315', '1', '19770519 200212 1 002', 'A', 'I', 3, '2020', 'Senin', '1', '09:10:00', '10:00:00'),
(49, 'MSK19043315', '1', '19770519 200212 1 002', 'A', 'I', 3, '2020', 'Senin', '1', '10:15:00', '11:05:00'),
(50, 'MSK19043313', '1', '19780323 200604 2 002', 'A', 'I', 3, '2020', 'Selasa', '2', '07:30:00', '10:00:00'),
(51, 'MSK19043313', '1', '19780323 200604 2 002', 'A', 'I', 3, '2020', 'Selasa', '2', '10:15:00', '11:55:00'),
(52, 'MHR19043311', '1', '19830105 200801 2 006', 'A', 'I', 5, '2020', 'Selasa', '2', '12:25:00', '14:05:00'),
(53, 'MSD19043303', '1', '19630130 199303 1 001', 'A', 'I', 3, '2020', 'Rabu', '3', '07:30:00', '10:00:00'),
(54, 'MHR19043308', '1', '19900426 201404 2 001', 'A', 'I', 14, '2020', 'Kamis', '4', '07:30:00', '09:10:00'),
(55, 'MSD19043301', '1', '19760830 200501 1 001', 'A', 'I', 19, '2020', 'Kamis', '4', '09:10:00', '10:10:00'),
(56, 'MSD19043301', '1', '19760830 200501 1 001', 'A', 'I', 19, '2020', 'Kamis', '4', '10:15:00', '11:55:00'),
(57, 'MSK19043312', '1', '19771230 200212 1 002', 'A', 'I', 3, '2020', 'Jumad', '5', '07:30:00', '10:00:00'),
(58, 'MSK19043312', '1', '19771230 200212 1 002', 'A', 'I', 3, '2020', 'Jumad', '5', '10:05:00', '10:55:00'),
(59, 'MST39043328', '1', '19820316 200604 1 004', 'A', 'III', 10, '2020', 'Senin', '1', '07:30:00', '10:00:00'),
(60, 'MST39043328', '1', '19820316 200604 1 004', 'A', 'III', 10, '2020', 'Senin', '1', '10:15:00', '11:55:00'),
(61, 'MST39043328', '1', '19820316 200604 1 004', 'A', 'III', 10, '2020', 'Senin', '1', '12:25:00', '13:15:00'),
(62, 'MST39043320', '1', '19770810 200501 1 002', 'A', 'III', 9, '2020', 'Senin', '1', '13:15:00', '14:55:00'),
(63, 'MSK39043325', '1', '19710711 200112 1 002', 'A', 'III', 2, '2020', 'Selasa', '2', '07:30:00', '10:00:00'),
(64, 'MSK39043325', '1', '19710711 200112 1 002', 'A', 'III', 2, '2020', 'Selasa', '2', '10:15:00', '11:55:00'),
(65, 'MST39043320', '1', '19770810 200501 1 002', 'A', 'III', 9, '2020', 'Selasa', '2', '12:25:00', '14:55:00'),
(66, 'MSK39043332', '1', '19790101 200801 2 040', 'A', 'III', 8, '2020', 'Rabu', '3', '07:30:00', '10:00:00'),
(67, 'MSK39043332', '1', '19790101 200801 2 040', 'A', 'III', 8, '2020', 'Rabu', '3', '10:15:00', '11:55:00'),
(68, 'MST39043329', '1', '19811123 200604 1 001', 'A', 'III', 9, '2020', 'Rabu', '3', '12:25:00', '14:55:00'),
(69, 'MSK39043323', '1', '19830105 200801 2 006', 'A', 'III', 6, '2020', 'Kamis', '4', '07:30:00', '10:00:00'),
(70, 'MSK39043323', '1', '19830105 200801 2 006', 'A', 'III', 6, '2020', 'Kamis', '4', '10:15:00', '11:55:00'),
(71, 'MST39043329', '1', '19811123 200604 1 001', 'A', 'III', 9, '2020', 'Kamis', '4', '12:25:00', '14:05:00'),
(72, 'MSK39043321', '1', '19780323 200604 2 002', 'A', 'III', 20, '2020', 'Jumad', '5', '07:30:00', '10:00:00'),
(73, 'MSK39043321', '1', '19780323 200604 2 002', 'A', 'III', 20, '2020', 'Jumad', '5', '10:05:00', '11:45:00'),
(74, 'MSD59043305', '1', '19800628 200312 1 003', 'A', 'V', 8, '2020', 'Senin', '1', '07:30:00', '10:00:00'),
(75, 'MHR59043301', '1', '19900425 201404 2 001', 'A', 'V', 8, '2020', 'Senin', '1', '11:05:00', '11:55:00'),
(76, 'MHR59043301', '1', '19900425 201404 2 001', 'A', 'V', 8, '2020', 'Senin', '1', '12:25:00', '14:05:00'),
(77, 'MST59043337', '1', '19790101 200801 2 040', 'A', 'V', 6, '2020', 'Selasa', '2', '07:30:00', '10:00:00'),
(78, 'MST59043337', '1', '19790101 200801 2 040', 'A', 'V', 6, '2020', 'Selasa', '2', '11:15:00', '11:55:00'),
(79, 'MST59043337', '1', '19790101 200801 2 040', 'A', 'V', 6, '2020', 'Selasa', '2', '12:25:00', '13:15:00'),
(80, 'MST53043333', '1', '19820316 200604 1 004', 'A', 'V', 10, '2020', 'Rabu', '3', '07:30:00', '10:00:00'),
(81, 'MST53043333', '1', '19820316 200604 1 004', 'A', 'V', 10, '2020', 'Rabu', '3', '10:15:00', '11:55:00'),
(82, 'MSK49043327', '1', '19780323 200604 2 002', 'A', 'V', 16, '2020', 'Rabu', '3', '12:25:00', '14:55:00'),
(83, 'MSK49043327', '1', '19780323 200604 2 002', 'A', 'V', 16, '2020', 'Kamis', '4', '07:30:00', '09:10:00'),
(84, 'MST59043334', '1', '19770810 200501 1 002', 'A', 'V', 20, '2020', 'Kamis', '4', '09:10:00', '10:00:00'),
(85, 'MST59043334', '1', '19770810 200501 1 002', 'A', 'V', 20, '2020', 'Kamis', '4', '10:15:00', '11:55:00'),
(86, 'MST59043334', '1', '19770810 200501 1 002', 'A', 'V', 20, '2020', 'Kamis', '4', '12:25:00', '14:05:00'),
(87, 'MST59043335', '1', '19770810 200501 1 002', 'A', 'V', 17, '2020', 'Jumad', '5', '07:30:00', '10:00:00'),
(88, 'MST59043335', '1', '19770810 200501 1 002', 'A', 'V', 17, '2020', 'Jumad', '5', '10:05:00', '11:45:00'),
(89, 'MST59043335', '1', '19770810 200501 1 002', 'A', 'V', 17, '2020', 'Jumad', '5', '12:45:00', '13:35:00');

-- --------------------------------------------------------

--
-- Struktur dari tabel `pejabat`
--

CREATE TABLE `pejabat` (
  `kode` int(11) NOT NULL,
  `nama` varchar(50) NOT NULL,
  `nip` varchar(50) NOT NULL,
  `jabatan` varchar(20) NOT NULL,
  `foto` varchar(100) NOT NULL DEFAULT 'user.jpg'
) ENGINE=InnoDB DEFAULT CHARSET=latin1;

--
-- Dumping data untuk tabel `pejabat`
--

INSERT INTO `pejabat` (`kode`, `nama`, `nip`, `jabatan`, `foto`) VALUES
(1, 'Jemsrado Sine,ST.,M.Eng', '19770519 200212 1 002', 'Ketua Jurusan', '1.jpg'),
(2, 'Ir. Aloysius Leki.,M.Si', '19680617 199512 1 001', 'Pudir Bid. Akademik', '2.jpg'),
(3, 'Sumartini Dana', '19780323 200604 2 002', 'Sekertaris Jurusan', '3.png');

-- --------------------------------------------------------

--
-- Struktur dari tabel `prodi`
--

CREATE TABLE `prodi` (
  `kodeprodi` int(11) NOT NULL,
  `prodi` varchar(50) NOT NULL,
  `jenjang` varchar(4) NOT NULL,
  `kepro` varchar(25) DEFAULT NULL
) ENGINE=InnoDB DEFAULT CHARSET=latin1;

--
-- Dumping data untuk tabel `prodi`
--

INSERT INTO `prodi` (`kodeprodi`, `prodi`, `jenjang`, `kepro`) VALUES
(1, 'Teknik Komputer Dan Jaringan', 'D3', '19710711 200112 1 002'),
(2, 'Elektronika', 'D3', '19660223 199103 1 002'),
(3, 'Listrik', 'D3', '19691001 199503 1 002'),
(4, 'Listrik Kerjasama', 'D3', '19691001 199503 1 002'),
(5, 'Teknik Instalasi Listrik', 'D4', '19580601 199103 1 002');

-- --------------------------------------------------------

--
-- Struktur dari tabel `ruangan`
--

CREATE TABLE `ruangan` (
  `id_ruangan` int(10) NOT NULL,
  `nama_ruangan` varchar(50) NOT NULL
) ENGINE=InnoDB DEFAULT CHARSET=latin1;

--
-- Dumping data untuk tabel `ruangan`
--

INSERT INTO `ruangan` (`id_ruangan`, `nama_ruangan`) VALUES
(1, 'TEB-01'),
(2, 'TEB-02'),
(3, 'TEB-03'),
(4, 'TEL-01'),
(5, 'TEL-02'),
(6, 'TEL-03'),
(7, 'TEB-04'),
(8, 'TEB-05'),
(9, 'TEB-09'),
(10, 'LK-01'),
(11, 'LAB-JARINGAN 2'),
(12, 'LAB-MULTIMEDIA 1'),
(13, 'LAB-MULTIMEDIA 2'),
(14, 'AULA'),
(15, 'TEB-06'),
(16, 'TEB-07'),
(17, 'TEB-08'),
(18, 'LK-02'),
(19, 'TEL-04'),
(20, 'TEB-10');

-- --------------------------------------------------------

--
-- Struktur dari tabel `setting`
--

CREATE TABLE `setting` (
  `id` int(10) NOT NULL,
  `nama` varchar(50) NOT NULL,
  `value` varchar(50) NOT NULL,
  `state` tinyint(1) NOT NULL DEFAULT 1
) ENGINE=InnoDB DEFAULT CHARSET=latin1;

--
-- Dumping data untuk tabel `setting`
--

INSERT INTO `setting` (`id`, `nama`, `value`, `state`) VALUES
(1, 'Batas Penginputan Nilai', '11/03/2020', 1),
(2, 'nilai default', '69', 1);

-- --------------------------------------------------------

--
-- Struktur dari tabel `skala`
--

CREATE TABLE `skala` (
  `id` int(10) NOT NULL,
  `am` decimal(10,2) NOT NULL,
  `nilai` decimal(10,2) NOT NULL,
  `huruf` varchar(3) NOT NULL
) ENGINE=InnoDB DEFAULT CHARSET=latin1;

--
-- Dumping data untuk tabel `skala`
--

INSERT INTO `skala` (`id`, `am`, `nilai`, `huruf`) VALUES
(1, '0.00', '0.00', 'E'),
(2, '40.00', '1.00', 'D'),
(3, '55.00', '1.50', 'CD'),
(4, '60.00', '2.00', 'C'),
(5, '65.00', '2.50', 'BC'),
(6, '70.00', '3.00', 'B'),
(7, '75.00', '3.50', 'AB'),
(8, '80.00', '4.00', 'A');

-- --------------------------------------------------------

--
-- Struktur dari tabel `tugas_akhir`
--

CREATE TABLE `tugas_akhir` (
  `id` int(100) NOT NULL,
  `nim` int(11) NOT NULL,
  `judul` varchar(100) NOT NULL,
  `tanggal_lulus` date NOT NULL
) ENGINE=InnoDB DEFAULT CHARSET=latin1;

--
-- Dumping data untuk tabel `tugas_akhir`
--

INSERT INTO `tugas_akhir` (`id`, `nim`, `judul`, `tanggal_lulus`) VALUES
(131, 1623734335, 'App KHS ELK PNK', '2020-10-26');

-- --------------------------------------------------------

--
-- Struktur dari tabel `user`
--

CREATE TABLE `user` (
  `id` int(11) NOT NULL,
  `nama` varchar(100) NOT NULL,
  `username` varchar(40) NOT NULL,
  `password` varchar(40) NOT NULL,
  `no_hp` varchar(100) NOT NULL,
  `foto` varchar(100) NOT NULL DEFAULT 'user.jpg',
  `level` varchar(50) NOT NULL,
  `prodi` varchar(50) DEFAULT NULL
) ENGINE=InnoDB DEFAULT CHARSET=latin1;

--
-- Dumping data untuk tabel `user`
--

INSERT INTO `user` (`id`, `nama`, `username`, `password`, `no_hp`, `foto`, `level`, `prodi`) VALUES
(4, 'Ketua Jurusan', 'Kajur', 'e07ab09a2821b19439a81904a6afd32e', '93900404', '4.jpg', 'Kajur/Sekjur', '1'),
(7, 'admin tkj', 'admin Tkj', '202cb962ac59075b964b07152d234b70', '46738920394', '7.jpg', 'Operator', '1'),
(8, 'Admin Elektronika', 'Admin Elk', '202cb962ac59075b964b07152d234b70', '123456789', '8.png', 'Operator', '2'),
(12, 'Admin Listrik', 'Admin Listrik', '202cb962ac59075b964b07152d234b70', '46738920394', 'user.jpg', 'Operator', '3'),
(13, 'Sek Jurusan', 'Sekjur', '202cb962ac59075b964b07152d234b70', '46738920394', '13.png', 'Kajur/Sekjur', '1'),
(14, 'Admin T I Listrik', 'listik d4', '202cb962ac59075b964b07152d234b70', '46738920394', 'user.jpg', 'Operator', '5'),
(15, 'admin PLN', 'admin pln', '202cb962ac59075b964b07152d234b70', '46738920394', 'user.jpg', 'Operator', '4');

--
-- Indexes for dumped tables
--

--
-- Indeks untuk tabel `absen`
--
ALTER TABLE `absen`
  ADD PRIMARY KEY (`id`),
  ADD KEY `index` (`nim`);

--
-- Indeks untuk tabel `cuti`
--
ALTER TABLE `cuti`
  ADD PRIMARY KEY (`nim`);

--
-- Indeks untuk tabel `dosen`
--
ALTER TABLE `dosen`
  ADD PRIMARY KEY (`nip`);

--
-- Indeks untuk tabel `elemenmk`
--
ALTER TABLE `elemenmk`
  ADD PRIMARY KEY (`elemenmk`);

--
-- Indeks untuk tabel `khs`
--
ALTER TABLE `khs`
  ADD PRIMARY KEY (`id`),
  ADD UNIQUE KEY `id` (`nim`,`kodemk`,`semester`,`takademik`) USING BTREE,
  ADD KEY `index` (`nim`,`kodemk`),
  ADD KEY `kodemk` (`kodemk`);

--
-- Indeks untuk tabel `mahasiswa`
--
ALTER TABLE `mahasiswa`
  ADD PRIMARY KEY (`nim`),
  ADD KEY `nip` (`nip`);

--
-- Indeks untuk tabel `matakulah`
--
ALTER TABLE `matakulah`
  ADD PRIMARY KEY (`kodemk`),
  ADD KEY `elemenmk` (`elemenmk`);

--
-- Indeks untuk tabel `mkprodi`
--
ALTER TABLE `mkprodi`
  ADD PRIMARY KEY (`id`),
  ADD KEY `index` (`kodemk`,`nip`),
  ADD KEY `ddd` (`id_ruangan`);

--
-- Indeks untuk tabel `pejabat`
--
ALTER TABLE `pejabat`
  ADD PRIMARY KEY (`kode`);

--
-- Indeks untuk tabel `prodi`
--
ALTER TABLE `prodi`
  ADD PRIMARY KEY (`kodeprodi`);

--
-- Indeks untuk tabel `ruangan`
--
ALTER TABLE `ruangan`
  ADD PRIMARY KEY (`id_ruangan`);

--
-- Indeks untuk tabel `setting`
--
ALTER TABLE `setting`
  ADD PRIMARY KEY (`id`);

--
-- Indeks untuk tabel `skala`
--
ALTER TABLE `skala`
  ADD PRIMARY KEY (`id`);

--
-- Indeks untuk tabel `tugas_akhir`
--
ALTER TABLE `tugas_akhir`
  ADD PRIMARY KEY (`id`),
  ADD UNIQUE KEY `unik` (`nim`);

--
-- Indeks untuk tabel `user`
--
ALTER TABLE `user`
  ADD PRIMARY KEY (`id`,`username`);

--
-- AUTO_INCREMENT untuk tabel yang dibuang
--

--
-- AUTO_INCREMENT untuk tabel `absen`
--
ALTER TABLE `absen`
  MODIFY `id` int(11) NOT NULL AUTO_INCREMENT, AUTO_INCREMENT=200;

--
-- AUTO_INCREMENT untuk tabel `khs`
--
ALTER TABLE `khs`
  MODIFY `id` int(11) NOT NULL AUTO_INCREMENT, AUTO_INCREMENT=1688;

--
-- AUTO_INCREMENT untuk tabel `mkprodi`
--
ALTER TABLE `mkprodi`
  MODIFY `id` int(100) NOT NULL AUTO_INCREMENT, AUTO_INCREMENT=90;

--
-- AUTO_INCREMENT untuk tabel `pejabat`
--
ALTER TABLE `pejabat`
  MODIFY `kode` int(11) NOT NULL AUTO_INCREMENT, AUTO_INCREMENT=4;

--
-- AUTO_INCREMENT untuk tabel `prodi`
--
ALTER TABLE `prodi`
  MODIFY `kodeprodi` int(11) NOT NULL AUTO_INCREMENT, AUTO_INCREMENT=6;

--
-- AUTO_INCREMENT untuk tabel `ruangan`
--
ALTER TABLE `ruangan`
  MODIFY `id_ruangan` int(10) NOT NULL AUTO_INCREMENT, AUTO_INCREMENT=21;

--
-- AUTO_INCREMENT untuk tabel `setting`
--
ALTER TABLE `setting`
  MODIFY `id` int(10) NOT NULL AUTO_INCREMENT, AUTO_INCREMENT=3;

--
-- AUTO_INCREMENT untuk tabel `skala`
--
ALTER TABLE `skala`
  MODIFY `id` int(10) NOT NULL AUTO_INCREMENT, AUTO_INCREMENT=9;

--
-- AUTO_INCREMENT untuk tabel `tugas_akhir`
--
ALTER TABLE `tugas_akhir`
  MODIFY `id` int(100) NOT NULL AUTO_INCREMENT, AUTO_INCREMENT=132;

--
-- AUTO_INCREMENT untuk tabel `user`
--
ALTER TABLE `user`
  MODIFY `id` int(11) NOT NULL AUTO_INCREMENT, AUTO_INCREMENT=16;

--
-- Ketidakleluasaan untuk tabel pelimpahan (Dumped Tables)
--

--
-- Ketidakleluasaan untuk tabel `absen`
--
ALTER TABLE `absen`
  ADD CONSTRAINT `absen_ibfk_1` FOREIGN KEY (`nim`) REFERENCES `mahasiswa` (`nim`) ON DELETE CASCADE ON UPDATE CASCADE;

--
-- Ketidakleluasaan untuk tabel `khs`
--
ALTER TABLE `khs`
  ADD CONSTRAINT `khs_ibfk_1` FOREIGN KEY (`kodemk`) REFERENCES `matakulah` (`kodemk`) ON UPDATE CASCADE,
  ADD CONSTRAINT `khs_ibfk_2` FOREIGN KEY (`nim`) REFERENCES `mahasiswa` (`nim`) ON DELETE CASCADE ON UPDATE CASCADE;

--
-- Ketidakleluasaan untuk tabel `mahasiswa`
--
ALTER TABLE `mahasiswa`
  ADD CONSTRAINT `mahasiswa_ibfk_1` FOREIGN KEY (`nip`) REFERENCES `dosen` (`nip`) ON DELETE SET NULL ON UPDATE CASCADE;

--
-- Ketidakleluasaan untuk tabel `matakulah`
--
ALTER TABLE `matakulah`
  ADD CONSTRAINT `matakulah_ibfk_1` FOREIGN KEY (`elemenmk`) REFERENCES `elemenmk` (`elemenmk`) ON DELETE SET NULL ON UPDATE CASCADE;

--
-- Ketidakleluasaan untuk tabel `mkprodi`
--
ALTER TABLE `mkprodi`
  ADD CONSTRAINT `mkprodi_ibfk_1` FOREIGN KEY (`kodemk`) REFERENCES `matakulah` (`kodemk`) ON UPDATE CASCADE,
  ADD CONSTRAINT `mkprodi_ibfk_2` FOREIGN KEY (`id_ruangan`) REFERENCES `ruangan` (`id_ruangan`);
COMMIT;

/*!40101 SET CHARACTER_SET_CLIENT=@OLD_CHARACTER_SET_CLIENT */;
/*!40101 SET CHARACTER_SET_RESULTS=@OLD_CHARACTER_SET_RESULTS */;
/*!40101 SET COLLATION_CONNECTION=@OLD_COLLATION_CONNECTION */;
